section_id,label,sort_order,height_m,distance_m,raw_height_m,line_style,value_state
Section 1,Section 1,1,0.0,0.0,,dotted,null_fill
Section 1,Section 1,1,0.0,1.0,,dotted,null_fill
Section 1,Section 1,1,0.0,2.0,,dotted,null_fill
Section 1,Section 1,1,0.0,3.0,,dotted,null_fill
Section 1,Section 1,1,0.0,4.0,,dotted,null_fill
Section 1,Section 1,1,0.0,5.0,,dotted,null_fill
Section 1,Section 1,1,0.0,6.0,,dotted,null_fill
Section 1,Section 1,1,0.0,7.0,,dotted,null_fill
Section 1,Section 1,1,0.0,8.0,,dotted,null_fill
Section 1,Section 1,1,0.0,9.0,,dotted,null_fill
Section 1,Section 1,1,0.0,10.0,,dotted,null_fill
Section 1,Section 1,1,0.0,11.0,,dotted,null_fill
Section 1,Section 1,1,0.0,12.0,,dotted,null_fill
Section 1,Section 1,1,0.0,13.0,,dotted,null_fill
Section 1,Section 1,1,0.0,14.0,,dotted,null_fill
Section 1,Section 1,1,0.0,15.0,,dotted,null_fill
Section 1,Section 1,1,0.0,16.0,,dotted,null_fill
Section 1,Section 1,1,0.0,17.0,,dotted,null_fill
Section 1,Section 1,1,0.0,18.0,,dotted,null_fill
Section 1,Section 1,1,0.0,19.0,,dotted,null_fill
Section 1,Section 1,1,0.0,20.0,,dotted,null_fill
Section 1,Section 1,1,11.54222583770752,21.0,11.54222583770752,solid,sampled
Section 1,Section 1,1,11.898605346679688,22.0,11.898605346679688,solid,sampled
Section 1,Section 1,1,11.627765655517578,23.0,11.627765655517578,solid,sampled
Section 1,Section 1,1,11.707262992858887,24.0,11.707262992858887,solid,sampled
Section 1,Section 1,1,11.787819862365723,25.0,11.787819862365723,solid,sampled
Section 1,Section 1,1,11.963489532470703,26.0,11.963489532470703,solid,sampled
Section 1,Section 1,1,12.482257843017578,27.0,12.482257843017578,solid,sampled
Section 1,Section 1,1,12.207599639892578,28.0,12.207599639892578,solid,sampled
Section 1,Section 1,1,12.629772186279297,29.0,12.629772186279297,solid,sampled
Section 1,Section 1,1,13.061952590942383,30.0,13.061952590942383,solid,sampled
Section 1,Section 1,1,13.448822021484375,31.0,13.448822021484375,solid,sampled
Section 1,Section 1,1,13.695449829101562,32.0,13.695449829101562,solid,sampled
Section 1,Section 1,1,14.215065002441406,33.0,14.215065002441406,solid,sampled
Section 1,Section 1,1,14.392309188842773,34.0,14.392309188842773,solid,sampled
Section 1,Section 1,1,14.615036010742188,35.0,14.615036010742188,solid,sampled
Section 1,Section 1,1,15.154430389404297,36.0,15.154430389404297,solid,sampled
Section 1,Section 1,1,15.603874206542969,37.0,15.603874206542969,solid,sampled
Section 1,Section 1,1,16.20631217956543,38.0,16.20631217956543,solid,sampled
Section 1,Section 1,1,16.480655670166016,39.0,16.480655670166016,solid,sampled
Section 1,Section 1,1,16.29861068725586,40.0,16.29861068725586,solid,sampled
Section 1,Section 1,1,16.993547439575195,41.0,16.993547439575195,solid,sampled
Section 1,Section 1,1,16.46454620361328,42.0,16.46454620361328,solid,sampled
Section 1,Section 1,1,15.610275268554688,43.0,15.610275268554688,solid,sampled
Section 1,Section 1,1,16.039093017578125,44.0,16.039093017578125,solid,sampled
Section 1,Section 1,1,15.8377103805542,45.0,15.8377103805542,solid,sampled
Section 1,Section 1,1,15.218805313110352,46.0,15.218805313110352,solid,sampled
Section 1,Section 1,1,14.550515174865723,47.0,14.550515174865723,solid,sampled
Section 1,Section 1,1,13.828495979309082,48.0,13.828495979309082,solid,sampled
Section 1,Section 1,1,13.252426147460938,49.0,13.252426147460938,solid,sampled
Section 1,Section 1,1,12.783411979675293,50.0,12.783411979675293,solid,sampled
Section 1,Section 1,1,12.767435073852539,51.0,12.767435073852539,solid,sampled
Section 1,Section 1,1,10.522375106811523,52.0,10.522375106811523,solid,sampled
Section 1,Section 1,1,9.904745101928711,53.0,9.904745101928711,solid,sampled
Section 1,Section 1,1,9.257883071899414,54.0,9.257883071899414,solid,sampled
Section 1,Section 1,1,8.759244918823242,55.0,8.759244918823242,solid,sampled
Section 1,Section 1,1,8.316384315490723,56.0,8.316384315490723,solid,sampled
Section 1,Section 1,1,8.050086975097656,57.0,8.050086975097656,solid,sampled
Section 1,Section 1,1,7.631063461303711,58.0,7.631063461303711,solid,sampled
Section 1,Section 1,1,7.102928161621094,59.0,7.102928161621094,solid,sampled
Section 1,Section 1,1,6.007411479949951,60.0,6.007411479949951,solid,sampled
Section 1,Section 1,1,5.460761547088623,61.0,5.460761547088623,solid,sampled
Section 1,Section 1,1,4.924526691436768,62.0,4.924526691436768,solid,sampled
Section 1,Section 1,1,4.418611526489258,63.0,4.418611526489258,solid,sampled
Section 1,Section 1,1,4.062906265258789,64.0,4.062906265258789,solid,sampled
Section 1,Section 1,1,3.8188185691833496,65.0,3.8188185691833496,solid,sampled
Section 1,Section 1,1,3.5630993843078613,66.0,3.5630993843078613,solid,sampled
Section 1,Section 1,1,3.331303596496582,67.0,3.331303596496582,solid,sampled
Section 1,Section 1,1,3.1854329109191895,68.0,3.1854329109191895,solid,sampled
Section 1,Section 1,1,3.0557708740234375,69.0,3.0557708740234375,solid,sampled
Section 1,Section 1,1,3.002800464630127,70.0,3.002800464630127,solid,sampled
Section 1,Section 1,1,2.818800449371338,71.0,2.818800449371338,solid,sampled
Section 1,Section 1,1,2.6381678581237793,72.0,2.6381678581237793,solid,sampled
Section 1,Section 1,1,2.4542176723480225,73.0,2.4542176723480225,solid,sampled
Section 1,Section 1,1,2.389810562133789,74.0,2.389810562133789,solid,sampled
Section 1,Section 1,1,2.355217933654785,75.0,2.355217933654785,solid,sampled
Section 1,Section 1,1,2.3908586502075195,76.0,2.3908586502075195,solid,sampled
Section 1,Section 1,1,2.235180616378784,77.0,2.235180616378784,solid,sampled
Section 1,Section 1,1,2.1981449127197266,78.0,2.1981449127197266,solid,sampled
Section 1,Section 1,1,2.1158063411712646,79.0,2.1158063411712646,solid,sampled
Section 1,Section 1,1,2.020214080810547,80.0,2.020214080810547,solid,sampled
Section 1,Section 1,1,1.9693981409072876,81.0,1.9693981409072876,solid,sampled
Section 1,Section 1,1,1.8895044326782227,82.0,1.8895044326782227,solid,sampled
Section 1,Section 1,1,1.8386142253875732,83.0,1.8386142253875732,solid,sampled
Section 1,Section 1,1,1.7713648080825806,84.0,1.7713648080825806,solid,sampled
Section 1,Section 1,1,1.719215750694275,85.0,1.719215750694275,solid,sampled
Section 1,Section 1,1,1.613938808441162,86.0,1.613938808441162,solid,sampled
Section 1,Section 1,1,1.567829966545105,87.0,1.567829966545105,solid,sampled
Section 1,Section 1,1,1.5065358877182007,88.0,1.5065358877182007,solid,sampled
Section 1,Section 1,1,1.4127938747406006,89.0,1.4127938747406006,solid,sampled
Section 1,Section 1,1,1.3917665481567383,90.0,1.3917665481567383,solid,sampled
Section 1,Section 1,1,1.3281564712524414,91.0,1.3281564712524414,solid,sampled
Section 1,Section 1,1,1.2791837453842163,92.0,1.2791837453842163,solid,sampled
Section 1,Section 1,1,1.2074267864227295,93.0,1.2074267864227295,solid,sampled
Section 1,Section 1,1,1.2383962869644165,94.0,1.2383962869644165,solid,sampled
Section 1,Section 1,1,1.1921460628509521,95.0,1.1921460628509521,solid,sampled
Section 1,Section 1,1,1.102294921875,96.0,1.102294921875,solid,sampled
Section 1,Section 1,1,1.0384079217910767,97.0,1.0384079217910767,solid,sampled
Section 1,Section 1,1,0.9916336536407471,98.0,0.9916336536407471,solid,sampled
Section 1,Section 1,1,0.9332124590873718,99.0,0.9332124590873718,solid,sampled
Section 1,Section 1,1,0.8658150434494019,100.0,0.8658150434494019,solid,sampled
Section 1,Section 1,1,0.812615692615509,101.0,0.812615692615509,solid,sampled
Section 1,Section 1,1,0.7313368320465088,102.0,0.7313368320465088,solid,sampled
Section 1,Section 1,1,0.6822023391723633,103.0,0.6822023391723633,solid,sampled
Section 1,Section 1,1,0.6216973066329956,104.0,0.6216973066329956,solid,sampled
Section 1,Section 1,1,0.5684377551078796,105.0,0.5684377551078796,solid,sampled
Section 1,Section 1,1,0.531679630279541,106.0,0.531679630279541,solid,sampled
Section 1,Section 1,1,0.5119800567626953,107.0,0.5119800567626953,solid,sampled
Section 1,Section 1,1,0.5424032807350159,108.0,0.5424032807350159,solid,sampled
Section 1,Section 1,1,0.5317018628120422,109.0,0.5317018628120422,solid,sampled
Section 1,Section 1,1,0.555132269859314,110.0,0.555132269859314,solid,sampled
Section 1,Section 1,1,0.5961470007896423,111.0,0.5961470007896423,solid,sampled
Section 1,Section 1,1,0.6780910491943359,112.0,0.6780910491943359,solid,sampled
Section 1,Section 1,1,0.6888844966888428,113.0,0.6888844966888428,solid,sampled
Section 1,Section 1,1,0.6862895488739014,114.0,0.6862895488739014,solid,sampled
Section 1,Section 1,1,0.6787998676300049,115.0,0.6787998676300049,solid,sampled
Section 1,Section 1,1,0.663178026676178,116.0,0.663178026676178,solid,sampled
Section 1,Section 1,1,0.6757796406745911,117.0,0.6757796406745911,solid,sampled
Section 1,Section 1,1,0.6684874296188354,118.0,0.6684874296188354,solid,sampled
Section 1,Section 1,1,0.5980721116065979,119.0,0.5980721116065979,solid,sampled
Section 1,Section 1,1,0.5941137075424194,120.0,0.5941137075424194,solid,sampled
Section 1,Section 1,1,0.5450533628463745,121.0,0.5450533628463745,solid,sampled
Section 1,Section 1,1,0.6585472226142883,122.0,0.6585472226142883,solid,sampled
Section 1,Section 1,1,0.5203675031661987,123.0,0.5203675031661987,solid,sampled
Section 1,Section 1,1,0.49243196845054626,124.0,0.49243196845054626,solid,sampled
Section 1,Section 1,1,0.4448589086532593,125.0,0.4448589086532593,solid,sampled
Section 1,Section 1,1,0.38864946365356445,126.0,0.38864946365356445,solid,sampled
Section 1,Section 1,1,0.4417606592178345,127.0,0.4417606592178345,solid,sampled
Section 1,Section 1,1,0.3443799614906311,128.0,0.3443799614906311,solid,sampled
Section 1,Section 1,1,0.4797278940677643,129.0,0.4797278940677643,solid,sampled
Section 1,Section 1,1,0.4761466681957245,130.0,0.4761466681957245,solid,sampled
Section 1,Section 1,1,0.3964681029319763,131.0,0.3964681029319763,solid,sampled
Section 1,Section 1,1,0.38350149989128113,132.0,0.38350149989128113,solid,sampled
Section 1,Section 1,1,0.3976863920688629,133.0,0.3976863920688629,solid,sampled
Section 1,Section 1,1,0.3168376684188843,134.0,0.3168376684188843,solid,sampled
Section 1,Section 1,1,0.27256840467453003,135.0,0.27256840467453003,solid,sampled
Section 1,Section 1,1,0.2408706247806549,136.0,0.2408706247806549,solid,sampled
Section 1,Section 1,1,0.1985425353050232,137.0,0.1985425353050232,solid,sampled
Section 1,Section 1,1,0.2076127529144287,138.0,0.2076127529144287,solid,sampled
Section 1,Section 1,1,0.1201348751783371,139.0,0.1201348751783371,solid,sampled
Section 1,Section 1,1,0.11793605983257294,140.0,0.11793605983257294,solid,sampled
Section 1,Section 1,1,0.103162482380867,141.0,0.103162482380867,solid,sampled
Section 1,Section 1,1,0.05878107249736786,142.0,0.05878107249736786,solid,sampled
Section 1,Section 1,1,0.12159869074821472,143.0,0.12159869074821472,solid,sampled
Section 1,Section 1,1,0.10810363292694092,144.0,0.10810363292694092,solid,sampled
Section 1,Section 1,1,0.09718000888824463,145.0,0.09718000888824463,solid,sampled
Section 1,Section 1,1,0.13751542568206787,146.0,0.13751542568206787,solid,sampled
Section 1,Section 1,1,0.13452458381652832,147.0,0.13452458381652832,solid,sampled
Section 1,Section 1,1,0.07066214084625244,148.0,0.07066214084625244,solid,sampled
Section 1,Section 1,1,0.04954551160335541,149.0,0.04954551160335541,solid,sampled
Section 1,Section 1,1,-0.05680418014526367,150.0,-0.05680418014526367,solid,sampled
Section 1,Section 1,1,-0.07887544482946396,151.0,-0.07887544482946396,solid,sampled
Section 1,Section 1,1,-0.012912169098854065,152.0,-0.012912169098854065,solid,sampled
Section 1,Section 1,1,-0.08126525580883026,153.0,-0.08126525580883026,solid,sampled
Section 1,Section 1,1,-0.10007762908935547,154.0,-0.10007762908935547,solid,sampled
Section 1,Section 1,1,-0.14333292841911316,155.0,-0.14333292841911316,solid,sampled
Section 1,Section 1,1,-0.26131439208984375,156.0,-0.26131439208984375,solid,sampled
Section 1,Section 1,1,-0.2673221826553345,157.0,-0.2673221826553345,solid,sampled
Section 1,Section 1,1,-0.2537200152873993,158.0,-0.2537200152873993,solid,sampled
Section 1,Section 1,1,-0.26430821418762207,159.0,-0.26430821418762207,solid,sampled
Section 1,Section 1,1,-0.28717178106307983,160.0,-0.28717178106307983,solid,sampled
Section 1,Section 1,1,-0.17889434099197388,161.0,-0.17889434099197388,solid,sampled
Section 1,Section 1,1,-0.3439553678035736,162.0,-0.3439553678035736,solid,sampled
Section 1,Section 1,1,-0.21049946546554565,163.0,-0.21049946546554565,solid,sampled
Section 1,Section 1,1,-0.16855525970458984,164.0,-0.16855525970458984,solid,sampled
Section 1,Section 1,1,-0.24174880981445312,165.0,-0.24174880981445312,solid,sampled
Section 1,Section 1,1,-0.27607977390289307,166.0,-0.27607977390289307,solid,sampled
Section 1,Section 1,1,-0.3579239845275879,167.0,-0.3579239845275879,solid,sampled
Section 1,Section 1,1,-0.29497596621513367,168.0,-0.29497596621513367,solid,sampled
Section 1,Section 1,1,-0.42127227783203125,169.0,-0.42127227783203125,solid,sampled
Section 1,Section 1,1,-0.4276488423347473,170.0,-0.4276488423347473,solid,sampled
Section 1,Section 1,1,-0.4124605357646942,171.0,-0.4124605357646942,solid,sampled
Section 1,Section 1,1,-0.5367092490196228,172.0,-0.5367092490196228,solid,sampled
Section 1,Section 1,1,-0.7099298238754272,173.0,-0.7099298238754272,solid,sampled
Section 1,Section 1,1,-0.8720712661743164,174.0,-0.8720712661743164,solid,sampled
Section 1,Section 1,1,-0.8069341778755188,175.0,-0.8069341778755188,solid,sampled
Section 1,Section 1,1,-0.8164839744567871,176.0,-0.8164839744567871,solid,sampled
Section 1,Section 1,1,-0.667586088180542,177.0,-0.667586088180542,solid,sampled
Section 1,Section 1,1,-0.6798086166381836,178.0,-0.6798086166381836,solid,sampled
Section 1,Section 1,1,-0.7546641826629639,179.0,-0.7546641826629639,solid,sampled
Section 1,Section 1,1,-0.8294472694396973,180.0,-0.8294472694396973,solid,sampled
Section 1,Section 1,1,-0.8861814737319946,181.0,-0.8861814737319946,solid,sampled
Section 1,Section 1,1,-1.04728102684021,182.0,-1.04728102684021,solid,sampled
Section 1,Section 1,1,-1.1513055562973022,183.0,-1.1513055562973022,solid,sampled
Section 1,Section 1,1,-1.2139556407928467,184.0,-1.2139556407928467,solid,sampled
Section 1,Section 1,1,-1.2429275512695312,185.0,-1.2429275512695312,solid,sampled
Section 1,Section 1,1,-1.505422830581665,186.0,-1.505422830581665,solid,sampled
Section 1,Section 1,1,-1.4704327583312988,187.0,-1.4704327583312988,solid,sampled
Section 1,Section 1,1,-1.3825170993804932,188.0,-1.3825170993804932,solid,sampled
Section 1,Section 1,1,-1.4781076908111572,189.0,-1.4781076908111572,solid,sampled
Section 1,Section 1,1,-1.597745418548584,190.0,-1.597745418548584,solid,sampled
Section 1,Section 1,1,-1.4475958347320557,191.0,-1.4475958347320557,solid,sampled
Section 1,Section 1,1,-1.6571348905563354,192.0,-1.6571348905563354,solid,sampled
Section 1,Section 1,1,-1.6486291885375977,193.0,-1.6486291885375977,solid,sampled
Section 1,Section 1,1,-1.9152776002883911,194.0,-1.9152776002883911,solid,sampled
Section 1,Section 1,1,-1.8389744758605957,195.0,-1.8389744758605957,solid,sampled
Section 1,Section 1,1,-1.8551217317581177,196.0,-1.8551217317581177,solid,sampled
Section 1,Section 1,1,-1.71260404586792,197.0,-1.71260404586792,solid,sampled
Section 1,Section 1,1,-1.8258514404296875,198.0,-1.8258514404296875,solid,sampled
Section 1,Section 1,1,-1.8046720027923584,199.0,-1.8046720027923584,solid,sampled
Section 1,Section 1,1,-2.0249996185302734,200.0,-2.0249996185302734,solid,sampled
Section 1,Section 1,1,-1.9677860736846924,201.0,-1.9677860736846924,solid,sampled
Section 1,Section 1,1,-2.0896263122558594,202.0,-2.0896263122558594,solid,sampled
Section 1,Section 1,1,-2.0740692615509033,203.0,-2.0740692615509033,solid,sampled
Section 1,Section 1,1,-1.9969795942306519,204.0,-1.9969795942306519,solid,sampled
Section 1,Section 1,1,-2.110955238342285,205.0,-2.110955238342285,solid,sampled
Section 1,Section 1,1,-2.2672784328460693,206.0,-2.2672784328460693,solid,sampled
Section 1,Section 1,1,-2.037492513656616,207.0,-2.037492513656616,solid,sampled
Section 1,Section 1,1,-2.0608513355255127,208.0,-2.0608513355255127,solid,sampled
Section 1,Section 1,1,-2.015565872192383,209.0,-2.015565872192383,solid,sampled
Section 1,Section 1,1,-2.0030527114868164,210.0,-2.0030527114868164,solid,sampled
Section 1,Section 1,1,-2.0177805423736572,211.0,-2.0177805423736572,solid,sampled
Section 1,Section 1,1,-2.022012233734131,212.0,-2.022012233734131,solid,sampled
Section 1,Section 1,1,-1.9354639053344727,213.0,-1.9354639053344727,solid,sampled
Section 1,Section 1,1,-1.7618885040283203,214.0,-1.7618885040283203,solid,sampled
Section 1,Section 1,1,-1.6780385971069336,215.0,-1.6780385971069336,solid,sampled
Section 1,Section 1,1,-1.623534083366394,216.0,-1.623534083366394,solid,sampled
Section 1,Section 1,1,-1.5273370742797852,217.0,-1.5273370742797852,solid,sampled
Section 1,Section 1,1,-1.438456654548645,218.0,-1.438456654548645,solid,sampled
Section 1,Section 1,1,-1.3082948923110962,219.0,-1.3082948923110962,solid,sampled
Section 1,Section 1,1,-1.1527371406555176,220.0,-1.1527371406555176,solid,sampled
Section 1,Section 1,1,-1.0003306865692139,221.0,-1.0003306865692139,solid,sampled
Section 1,Section 1,1,-0.8695571422576904,222.0,-0.8695571422576904,solid,sampled
Section 1,Section 1,1,-0.671545147895813,223.0,-0.671545147895813,solid,sampled
Section 1,Section 1,1,-0.41573968529701233,224.0,-0.41573968529701233,solid,sampled
Section 1,Section 1,1,-0.1913401186466217,225.0,-0.1913401186466217,solid,sampled
Section 1,Section 1,1,0.006613314151763916,226.0,0.006613314151763916,solid,sampled
Section 1,Section 1,1,0.19078592956066132,227.0,0.19078592956066132,solid,sampled
Section 1,Section 1,1,0.39869189262390137,228.0,0.39869189262390137,solid,sampled
Section 1,Section 1,1,0.5784157514572144,229.0,0.5784157514572144,solid,sampled
Section 1,Section 1,1,0.7235855460166931,230.0,0.7235855460166931,solid,sampled
Section 1,Section 1,1,0.9203888177871704,231.0,0.9203888177871704,solid,sampled
Section 1,Section 1,1,1.0848467350006104,232.0,1.0848467350006104,solid,sampled
Section 1,Section 1,1,1.2584525346755981,233.0,1.2584525346755981,solid,sampled
Section 1,Section 1,1,1.3881502151489258,234.0,1.3881502151489258,solid,sampled
Section 1,Section 1,1,1.525431752204895,235.0,1.525431752204895,solid,sampled
Section 1,Section 1,1,1.634202241897583,236.0,1.634202241897583,solid,sampled
Section 1,Section 1,1,1.7215313911437988,237.0,1.7215313911437988,solid,sampled
Section 1,Section 1,1,1.8449369668960571,238.0,1.8449369668960571,solid,sampled
Section 1,Section 1,1,1.9682294130325317,239.0,1.9682294130325317,solid,sampled
Section 1,Section 1,1,2.0952296257019043,240.0,2.0952296257019043,solid,sampled
Section 1,Section 1,1,2.233948230743408,241.0,2.233948230743408,solid,sampled
Section 1,Section 1,1,2.3688130378723145,242.0,2.3688130378723145,solid,sampled
Section 1,Section 1,1,2.497692108154297,243.0,2.497692108154297,solid,sampled
Section 1,Section 1,1,2.635983943939209,244.0,2.635983943939209,solid,sampled
Section 1,Section 1,1,2.748654365539551,245.0,2.748654365539551,solid,sampled
Section 1,Section 1,1,2.89323353767395,246.0,2.89323353767395,solid,sampled
Section 1,Section 1,1,3.0190396308898926,247.0,3.0190396308898926,solid,sampled
Section 1,Section 1,1,3.1016530990600586,248.0,3.1016530990600586,solid,sampled
Section 1,Section 1,1,3.1607003211975098,249.0,3.1607003211975098,solid,sampled
Section 1,Section 1,1,3.208768606185913,250.0,3.208768606185913,solid,sampled
Section 1,Section 1,1,3.26336669921875,251.0,3.26336669921875,solid,sampled
Section 1,Section 1,1,3.304759979248047,252.0,3.304759979248047,solid,sampled
Section 1,Section 1,1,3.3572940826416016,253.0,3.3572940826416016,solid,sampled
Section 1,Section 1,1,3.4140467643737793,254.0,3.4140467643737793,solid,sampled
Section 1,Section 1,1,3.490694046020508,255.0,3.490694046020508,solid,sampled
Section 1,Section 1,1,3.5623841285705566,256.0,3.5623841285705566,solid,sampled
Section 1,Section 1,1,3.6211695671081543,257.0,3.6211695671081543,solid,sampled
Section 1,Section 1,1,3.428135871887207,258.0,3.428135871887207,solid,sampled
Section 1,Section 1,1,3.2482824325561523,259.0,3.2482824325561523,solid,sampled
Section 1,Section 1,1,3.349378824234009,260.0,3.349378824234009,solid,sampled
Section 1,Section 1,1,5.76296854019165,261.0,5.76296854019165,solid,sampled
Section 1,Section 1,1,9.03673267364502,262.0,9.03673267364502,solid,sampled
Section 1,Section 1,1,10.077520370483398,263.0,10.077520370483398,solid,sampled
Section 1,Section 1,1,11.214754104614258,264.0,11.214754104614258,solid,sampled
Section 1,Section 1,1,12.208264350891113,265.0,12.208264350891113,solid,sampled
Section 1,Section 1,1,13.79164981842041,266.0,13.79164981842041,solid,sampled
Section 1,Section 1,1,14.798116683959961,267.0,14.798116683959961,solid,sampled
Section 1,Section 1,1,15.517656326293945,268.0,15.517656326293945,solid,sampled
Section 1,Section 1,1,16.877946853637695,269.0,16.877946853637695,solid,sampled
Section 1,Section 1,1,17.559829711914062,270.0,17.559829711914062,solid,sampled
Section 1,Section 1,1,18.27164077758789,271.0,18.27164077758789,solid,sampled
Section 1,Section 1,1,18.9174861907959,272.0,18.9174861907959,solid,sampled
Section 1,Section 1,1,19.423851013183594,273.0,19.423851013183594,solid,sampled
Section 1,Section 1,1,19.86104965209961,274.0,19.86104965209961,solid,sampled
Section 1,Section 1,1,20.103317260742188,275.0,20.103317260742188,solid,sampled
Section 1,Section 1,1,20.344640731811523,276.0,20.344640731811523,solid,sampled
Section 1,Section 1,1,20.923254013061523,277.0,20.923254013061523,solid,sampled
Section 1,Section 1,1,21.000473022460938,278.0,21.000473022460938,solid,sampled
Section 1,Section 1,1,20.522769927978516,279.0,20.522769927978516,solid,sampled
Section 1,Section 1,1,20.758811950683594,280.0,20.758811950683594,solid,sampled
Section 1,Section 1,1,0.0,281.0,,dotted,null_fill
Section 1,Section 1,1,0.0,282.0,,dotted,null_fill
Section 1,Section 1,1,0.0,283.0,,dotted,null_fill
Section 1,Section 1,1,0.0,284.0,,dotted,null_fill
Section 1,Section 1,1,0.0,285.0,,dotted,null_fill
Section 1,Section 1,1,0.0,286.0,,dotted,null_fill
Section 1,Section 1,1,0.0,287.0,,dotted,null_fill
Section 1,Section 1,1,0.0,288.0,,dotted,null_fill
Section 1,Section 1,1,0.0,289.0,,dotted,null_fill
Section 1,Section 1,1,0.0,290.0,,dotted,null_fill
Section 1,Section 1,1,0.0,291.0,,dotted,null_fill
Section 1,Section 1,1,0.0,292.0,,dotted,null_fill
Section 1,Section 1,1,0.0,293.0,,dotted,null_fill
Section 1,Section 1,1,0.0,294.0,,dotted,null_fill
Section 1,Section 1,1,0.0,294.425656,,dotted,null_fill
Section 2,Section 2,2,0.0,0.0,,dotted,null_fill
Section 2,Section 2,2,0.0,1.0,,dotted,null_fill
Section 2,Section 2,2,0.0,2.0,,dotted,null_fill
Section 2,Section 2,2,0.0,3.0,,dotted,null_fill
Section 2,Section 2,2,0.0,4.0,,dotted,null_fill
Section 2,Section 2,2,0.0,5.0,,dotted,null_fill
Section 2,Section 2,2,0.0,6.0,,dotted,null_fill
Section 2,Section 2,2,0.0,7.0,,dotted,null_fill
Section 2,Section 2,2,0.0,8.0,,dotted,null_fill
Section 2,Section 2,2,0.0,9.0,,dotted,null_fill
Section 2,Section 2,2,0.0,10.0,,dotted,null_fill
Section 2,Section 2,2,0.0,11.0,,dotted,null_fill
Section 2,Section 2,2,0.0,12.0,,dotted,null_fill
Section 2,Section 2,2,0.0,13.0,,dotted,null_fill
Section 2,Section 2,2,0.0,14.0,,dotted,null_fill
Section 2,Section 2,2,0.0,15.0,,dotted,null_fill
Section 2,Section 2,2,0.0,16.0,,dotted,null_fill
Section 2,Section 2,2,0.0,17.0,,dotted,null_fill
Section 2,Section 2,2,0.0,18.0,,dotted,null_fill
Section 2,Section 2,2,0.0,19.0,,dotted,null_fill
Section 2,Section 2,2,9.610747337341309,20.0,9.610747337341309,solid,sampled
Section 2,Section 2,2,9.512293815612793,21.0,9.512293815612793,solid,sampled
Section 2,Section 2,2,9.546488761901855,22.0,9.546488761901855,solid,sampled
Section 2,Section 2,2,7.218061923980713,23.0,7.218061923980713,solid,sampled
Section 2,Section 2,2,6.71721887588501,24.0,6.71721887588501,solid,sampled
Section 2,Section 2,2,6.693502902984619,25.0,6.693502902984619,solid,sampled
Section 2,Section 2,2,6.687151908874512,26.0,6.687151908874512,solid,sampled
Section 2,Section 2,2,6.968010902404785,27.0,6.968010902404785,solid,sampled
Section 2,Section 2,2,6.653243064880371,28.0,6.653243064880371,solid,sampled
Section 2,Section 2,2,6.652798652648926,29.0,6.652798652648926,solid,sampled
Section 2,Section 2,2,6.44851016998291,30.0,6.44851016998291,solid,sampled
Section 2,Section 2,2,5.970132827758789,31.0,5.970132827758789,solid,sampled
Section 2,Section 2,2,5.8593597412109375,32.0,5.8593597412109375,solid,sampled
Section 2,Section 2,2,5.885994911193848,33.0,5.885994911193848,solid,sampled
Section 2,Section 2,2,5.866437911987305,34.0,5.866437911987305,solid,sampled
Section 2,Section 2,2,5.85012149810791,35.0,5.85012149810791,solid,sampled
Section 2,Section 2,2,5.894145965576172,36.0,5.894145965576172,solid,sampled
Section 2,Section 2,2,4.549468994140625,37.0,4.549468994140625,solid,sampled
Section 2,Section 2,2,4.44780969619751,38.0,4.44780969619751,solid,sampled
Section 2,Section 2,2,3.983283042907715,39.0,3.983283042907715,solid,sampled
Section 2,Section 2,2,3.7546041011810303,40.0,3.7546041011810303,solid,sampled
Section 2,Section 2,2,3.158212661743164,41.0,3.158212661743164,solid,sampled
Section 2,Section 2,2,2.9219489097595215,42.0,2.9219489097595215,solid,sampled
Section 2,Section 2,2,2.8554165363311768,43.0,2.8554165363311768,solid,sampled
Section 2,Section 2,2,2.764078378677368,44.0,2.764078378677368,solid,sampled
Section 2,Section 2,2,2.6359004974365234,45.0,2.6359004974365234,solid,sampled
Section 2,Section 2,2,2.4893245697021484,46.0,2.4893245697021484,solid,sampled
Section 2,Section 2,2,2.3770411014556885,47.0,2.3770411014556885,solid,sampled
Section 2,Section 2,2,2.270918846130371,48.0,2.270918846130371,solid,sampled
Section 2,Section 2,2,2.1671719551086426,49.0,2.1671719551086426,solid,sampled
Section 2,Section 2,2,2.088989496231079,50.0,2.088989496231079,solid,sampled
Section 2,Section 2,2,2.0171875953674316,51.0,2.0171875953674316,solid,sampled
Section 2,Section 2,2,1.931225299835205,52.0,1.931225299835205,solid,sampled
Section 2,Section 2,2,1.8683207035064697,53.0,1.8683207035064697,solid,sampled
Section 2,Section 2,2,1.8019309043884277,54.0,1.8019309043884277,solid,sampled
Section 2,Section 2,2,1.7410444021224976,55.0,1.7410444021224976,solid,sampled
Section 2,Section 2,2,1.671236276626587,56.0,1.671236276626587,solid,sampled
Section 2,Section 2,2,1.6119515895843506,57.0,1.6119515895843506,solid,sampled
Section 2,Section 2,2,1.5399779081344604,58.0,1.5399779081344604,solid,sampled
Section 2,Section 2,2,1.45919930934906,59.0,1.45919930934906,solid,sampled
Section 2,Section 2,2,1.3764278888702393,60.0,1.3764278888702393,solid,sampled
Section 2,Section 2,2,1.2861392498016357,61.0,1.2861392498016357,solid,sampled
Section 2,Section 2,2,1.205798864364624,62.0,1.205798864364624,solid,sampled
Section 2,Section 2,2,1.1214549541473389,63.0,1.1214549541473389,solid,sampled
Section 2,Section 2,2,1.0295419692993164,64.0,1.0295419692993164,solid,sampled
Section 2,Section 2,2,0.9467296600341797,65.0,0.9467296600341797,solid,sampled
Section 2,Section 2,2,0.8681437373161316,66.0,0.8681437373161316,solid,sampled
Section 2,Section 2,2,0.7869612574577332,67.0,0.7869612574577332,solid,sampled
Section 2,Section 2,2,0.7193096876144409,68.0,0.7193096876144409,solid,sampled
Section 2,Section 2,2,0.6563979983329773,69.0,0.6563979983329773,solid,sampled
Section 2,Section 2,2,0.5876252055168152,70.0,0.5876252055168152,solid,sampled
Section 2,Section 2,2,0.5189885497093201,71.0,0.5189885497093201,solid,sampled
Section 2,Section 2,2,0.4416664242744446,72.0,0.4416664242744446,solid,sampled
Section 2,Section 2,2,0.36370667815208435,73.0,0.36370667815208435,solid,sampled
Section 2,Section 2,2,0.2728809416294098,74.0,0.2728809416294098,solid,sampled
Section 2,Section 2,2,0.17222753167152405,75.0,0.17222753167152405,solid,sampled
Section 2,Section 2,2,0.07318112254142761,76.0,0.07318112254142761,solid,sampled
Section 2,Section 2,2,0.0038108527660369873,77.0,0.0038108527660369873,solid,sampled
Section 2,Section 2,2,-0.0640946701169014,78.0,-0.0640946701169014,solid,sampled
Section 2,Section 2,2,-0.1373233199119568,79.0,-0.1373233199119568,solid,sampled
Section 2,Section 2,2,-0.18515396118164062,80.0,-0.18515396118164062,solid,sampled
Section 2,Section 2,2,-0.23327898979187012,81.0,-0.23327898979187012,solid,sampled
Section 2,Section 2,2,-0.26702526211738586,82.0,-0.26702526211738586,solid,sampled
Section 2,Section 2,2,-0.3020423948764801,83.0,-0.3020423948764801,solid,sampled
Section 2,Section 2,2,-0.3535999059677124,84.0,-0.3535999059677124,solid,sampled
Section 2,Section 2,2,-0.4204432964324951,85.0,-0.4204432964324951,solid,sampled
Section 2,Section 2,2,-0.5223868489265442,86.0,-0.5223868489265442,solid,sampled
Section 2,Section 2,2,-0.5980215668678284,87.0,-0.5980215668678284,solid,sampled
Section 2,Section 2,2,-0.6836007833480835,88.0,-0.6836007833480835,solid,sampled
Section 2,Section 2,2,-0.7528754472732544,89.0,-0.7528754472732544,solid,sampled
Section 2,Section 2,2,-0.7901802062988281,90.0,-0.7901802062988281,solid,sampled
Section 2,Section 2,2,-0.8006621599197388,91.0,-0.8006621599197388,solid,sampled
Section 2,Section 2,2,-0.8155434131622314,92.0,-0.8155434131622314,solid,sampled
Section 2,Section 2,2,-0.8655017614364624,93.0,-0.8655017614364624,solid,sampled
Section 2,Section 2,2,-0.9017517566680908,94.0,-0.9017517566680908,solid,sampled
Section 2,Section 2,2,-0.9245215654373169,95.0,-0.9245215654373169,solid,sampled
Section 2,Section 2,2,-0.9261734485626221,96.0,-0.9261734485626221,solid,sampled
Section 2,Section 2,2,-0.9214456081390381,97.0,-0.9214456081390381,solid,sampled
Section 2,Section 2,2,-0.9452946186065674,98.0,-0.9452946186065674,solid,sampled
Section 2,Section 2,2,-0.997931957244873,99.0,-0.997931957244873,solid,sampled
Section 2,Section 2,2,-1.0260515213012695,100.0,-1.0260515213012695,solid,sampled
Section 2,Section 2,2,-1.0441043376922607,101.0,-1.0441043376922607,solid,sampled
Section 2,Section 2,2,-1.1997331380844116,102.0,-1.1997331380844116,solid,sampled
Section 2,Section 2,2,-1.6796307563781738,103.0,-1.6796307563781738,solid,sampled
Section 2,Section 2,2,-2.8706703186035156,104.0,-2.8706703186035156,solid,sampled
Section 2,Section 2,2,-3.0,105.0,-7.728733062744141,solid,water_floor
Section 2,Section 2,2,-3.0,106.0,-9.585204124450684,solid,water_floor
Section 2,Section 2,2,-3.0,107.0,-5.3006391525268555,solid,water_floor
Section 2,Section 2,2,-3.0,108.0,-8.687610626220703,solid,water_floor
Section 2,Section 2,2,-3.0,109.0,-7.804269790649414,solid,water_floor
Section 2,Section 2,2,-3.0,110.0,-10.705483436584473,solid,water_floor
Section 2,Section 2,2,-3.0,111.0,-7.3761162757873535,solid,water_floor
Section 2,Section 2,2,-3.0,112.0,-12.469049453735352,solid,water_floor
Section 2,Section 2,2,-3.0,113.0,-22.028594970703125,solid,water_floor
Section 2,Section 2,2,-3.0,114.0,-20.552518844604492,solid,water_floor
Section 2,Section 2,2,-3.0,115.0,-22.801170349121094,solid,water_floor
Section 2,Section 2,2,-3.0,116.0,-23.029434204101562,solid,water_floor
Section 2,Section 2,2,-3.0,117.0,-26.93439292907715,solid,water_floor
Section 2,Section 2,2,-3.0,118.0,-16.831430435180664,solid,water_floor
Section 2,Section 2,2,-3.0,119.0,-27.684173583984375,solid,water_floor
Section 2,Section 2,2,-3.0,120.0,-26.582504272460938,solid,water_floor
Section 2,Section 2,2,-3.0,121.0,-23.078310012817383,solid,water_floor
Section 2,Section 2,2,-3.0,122.0,-25.602529525756836,solid,water_floor
Section 2,Section 2,2,-3.0,123.0,-26.263607025146484,solid,water_floor
Section 2,Section 2,2,-3.0,124.0,-26.896350860595703,solid,water_floor
Section 2,Section 2,2,-3.0,125.0,-26.873424530029297,solid,water_floor
Section 2,Section 2,2,-3.0,126.0,-25.726341247558594,solid,water_floor
Section 2,Section 2,2,-3.0,127.0,-26.392160415649414,solid,water_floor
Section 2,Section 2,2,-3.0,128.0,-26.420251846313477,solid,water_floor
Section 2,Section 2,2,-3.0,129.0,-35.606109619140625,solid,water_floor
Section 2,Section 2,2,-3.0,130.0,-37.25550079345703,solid,water_floor
Section 2,Section 2,2,-3.0,131.0,-37.888919830322266,solid,water_floor
Section 2,Section 2,2,-3.0,132.0,-40.044960021972656,solid,water_floor
Section 2,Section 2,2,-3.0,133.0,-40.92212677001953,solid,water_floor
Section 2,Section 2,2,-3.0,134.0,-45.2258415222168,solid,water_floor
Section 2,Section 2,2,-3.0,135.0,-52.558135986328125,solid,water_floor
Section 2,Section 2,2,-3.0,136.0,-61.780311584472656,solid,water_floor
Section 2,Section 2,2,-3.0,137.0,-47.00754165649414,solid,water_floor
Section 2,Section 2,2,-3.0,138.0,-46.71347427368164,solid,water_floor
Section 2,Section 2,2,-3.0,139.0,-58.111366271972656,solid,water_floor
Section 2,Section 2,2,-3.0,140.0,-57.94498062133789,solid,water_floor
Section 2,Section 2,2,-3.0,141.0,-51.745155334472656,solid,water_floor
Section 2,Section 2,2,-3.0,142.0,-51.20768737792969,solid,water_floor
Section 2,Section 2,2,-3.0,143.0,-52.910099029541016,solid,water_floor
Section 2,Section 2,2,-3.0,144.0,-46.387969970703125,solid,water_floor
Section 2,Section 2,2,-3.0,145.0,-46.21680450439453,solid,water_floor
Section 2,Section 2,2,-3.0,146.0,-46.38434982299805,solid,water_floor
Section 2,Section 2,2,-3.0,147.0,-42.635711669921875,solid,water_floor
Section 2,Section 2,2,-3.0,148.0,-38.83097839355469,solid,water_floor
Section 2,Section 2,2,-3.0,149.0,-37.70941925048828,solid,water_floor
Section 2,Section 2,2,-3.0,150.0,-43.447471618652344,solid,water_floor
Section 2,Section 2,2,-3.0,151.0,-36.498626708984375,solid,water_floor
Section 2,Section 2,2,-3.0,152.0,-47.99457550048828,solid,water_floor
Section 2,Section 2,2,-3.0,153.0,-45.07944869995117,solid,water_floor
Section 2,Section 2,2,-3.0,154.0,-50.92724609375,solid,water_floor
Section 2,Section 2,2,-3.0,155.0,-53.58540725708008,solid,water_floor
Section 2,Section 2,2,-3.0,156.0,-16.543546676635742,solid,water_floor
Section 2,Section 2,2,-3.0,157.0,-19.986677169799805,solid,water_floor
Section 2,Section 2,2,-3.0,158.0,-12.612070083618164,solid,water_floor
Section 2,Section 2,2,-3.0,159.0,-5.224963665008545,solid,water_floor
Section 2,Section 2,2,-3.0,160.0,-17.930631637573242,solid,water_floor
Section 2,Section 2,2,-1.4901869297027588,161.0,-1.4901869297027588,solid,sampled
Section 2,Section 2,2,-1.7023636102676392,162.0,-1.7023636102676392,solid,sampled
Section 2,Section 2,2,-1.2214994430541992,163.0,-1.2214994430541992,solid,sampled
Section 2,Section 2,2,-1.3819630146026611,164.0,-1.3819630146026611,solid,sampled
Section 2,Section 2,2,-1.5031890869140625,165.0,-1.5031890869140625,solid,sampled
Section 2,Section 2,2,-1.571026086807251,166.0,-1.571026086807251,solid,sampled
Section 2,Section 2,2,-1.676940679550171,167.0,-1.676940679550171,solid,sampled
Section 2,Section 2,2,-1.567035436630249,168.0,-1.567035436630249,solid,sampled
Section 2,Section 2,2,-1.339176893234253,169.0,-1.339176893234253,solid,sampled
Section 2,Section 2,2,-1.254612684249878,170.0,-1.254612684249878,solid,sampled
Section 2,Section 2,2,-1.1920533180236816,171.0,-1.1920533180236816,solid,sampled
Section 2,Section 2,2,-1.3327898979187012,172.0,-1.3327898979187012,solid,sampled
Section 2,Section 2,2,-1.1510517597198486,173.0,-1.1510517597198486,solid,sampled
Section 2,Section 2,2,-1.231846570968628,174.0,-1.231846570968628,solid,sampled
Section 2,Section 2,2,-1.1530797481536865,175.0,-1.1530797481536865,solid,sampled
Section 2,Section 2,2,-1.1445847749710083,176.0,-1.1445847749710083,solid,sampled
Section 2,Section 2,2,-1.1850862503051758,177.0,-1.1850862503051758,solid,sampled
Section 2,Section 2,2,-1.0804675817489624,178.0,-1.0804675817489624,solid,sampled
Section 2,Section 2,2,-0.884314775466919,179.0,-0.884314775466919,solid,sampled
Section 2,Section 2,2,-0.7070863842964172,180.0,-0.7070863842964172,solid,sampled
Section 2,Section 2,2,-0.6391924023628235,181.0,-0.6391924023628235,solid,sampled
Section 2,Section 2,2,-0.3559136390686035,182.0,-0.3559136390686035,solid,sampled
Section 2,Section 2,2,-0.12407460063695908,183.0,-0.12407460063695908,solid,sampled
Section 2,Section 2,2,0.04946643114089966,184.0,0.04946643114089966,solid,sampled
Section 2,Section 2,2,0.20173491537570953,185.0,0.20173491537570953,solid,sampled
Section 2,Section 2,2,0.37465527653694153,186.0,0.37465527653694153,solid,sampled
Section 2,Section 2,2,0.5296235680580139,187.0,0.5296235680580139,solid,sampled
Section 2,Section 2,2,0.7991231679916382,188.0,0.7991231679916382,solid,sampled
Section 2,Section 2,2,0.9893817901611328,189.0,0.9893817901611328,solid,sampled
Section 2,Section 2,2,1.2865184545516968,190.0,1.2865184545516968,solid,sampled
Section 2,Section 2,2,1.593179702758789,191.0,1.593179702758789,solid,sampled
Section 2,Section 2,2,1.9184975624084473,192.0,1.9184975624084473,solid,sampled
Section 2,Section 2,2,2.2560153007507324,193.0,2.2560153007507324,solid,sampled
Section 2,Section 2,2,2.5902369022369385,194.0,2.5902369022369385,solid,sampled
Section 2,Section 2,2,3.2857847213745117,195.0,3.2857847213745117,solid,sampled
Section 2,Section 2,2,3.865323066711426,196.0,3.865323066711426,solid,sampled
Section 2,Section 2,2,4.651298522949219,197.0,4.651298522949219,solid,sampled
Section 2,Section 2,2,5.1483869552612305,198.0,5.1483869552612305,solid,sampled
Section 2,Section 2,2,5.147324562072754,199.0,5.147324562072754,solid,sampled
Section 2,Section 2,2,5.129776477813721,200.0,5.129776477813721,solid,sampled
Section 2,Section 2,2,5.126112937927246,201.0,5.126112937927246,solid,sampled
Section 2,Section 2,2,5.113725185394287,202.0,5.113725185394287,solid,sampled
Section 2,Section 2,2,5.123624801635742,203.0,5.123624801635742,solid,sampled
Section 2,Section 2,2,5.138628005981445,204.0,5.138628005981445,solid,sampled
Section 2,Section 2,2,5.152294635772705,205.0,5.152294635772705,solid,sampled
Section 2,Section 2,2,5.243651390075684,206.0,5.243651390075684,solid,sampled
Section 2,Section 2,2,5.378739356994629,207.0,5.378739356994629,solid,sampled
Section 2,Section 2,2,5.601617813110352,208.0,5.601617813110352,solid,sampled
Section 2,Section 2,2,5.5883965492248535,209.0,5.5883965492248535,solid,sampled
Section 2,Section 2,2,5.4488019943237305,210.0,5.4488019943237305,solid,sampled
Section 2,Section 2,2,5.333425998687744,211.0,5.333425998687744,solid,sampled
Section 2,Section 2,2,5.436601638793945,212.0,5.436601638793945,solid,sampled
Section 2,Section 2,2,5.50244665145874,213.0,5.50244665145874,solid,sampled
Section 2,Section 2,2,5.5550079345703125,214.0,5.5550079345703125,solid,sampled
Section 2,Section 2,2,5.560307025909424,215.0,5.560307025909424,solid,sampled
Section 2,Section 2,2,5.191492080688477,216.0,5.191492080688477,solid,sampled
Section 2,Section 2,2,4.93113374710083,217.0,4.93113374710083,solid,sampled
Section 2,Section 2,2,4.142197608947754,218.0,4.142197608947754,solid,sampled
Section 2,Section 2,2,3.8757615089416504,219.0,3.8757615089416504,solid,sampled
Section 2,Section 2,2,3.5561258792877197,220.0,3.5561258792877197,solid,sampled
Section 2,Section 2,2,3.2106218338012695,221.0,3.2106218338012695,solid,sampled
Section 2,Section 2,2,2.8297276496887207,222.0,2.8297276496887207,solid,sampled
Section 2,Section 2,2,2.6140129566192627,223.0,2.6140129566192627,solid,sampled
Section 2,Section 2,2,2.4163925647735596,224.0,2.4163925647735596,solid,sampled
Section 2,Section 2,2,2.2600812911987305,225.0,2.2600812911987305,solid,sampled
Section 2,Section 2,2,1.8952538967132568,226.0,1.8952538967132568,solid,sampled
Section 2,Section 2,2,1.6943902969360352,227.0,1.6943902969360352,solid,sampled
Section 2,Section 2,2,1.4910906553268433,228.0,1.4910906553268433,solid,sampled
Section 2,Section 2,2,1.2589025497436523,229.0,1.2589025497436523,solid,sampled
Section 2,Section 2,2,1.0444467067718506,230.0,1.0444467067718506,solid,sampled
Section 2,Section 2,2,0.9297745823860168,231.0,0.9297745823860168,solid,sampled
Section 2,Section 2,2,0.7982900738716125,232.0,0.7982900738716125,solid,sampled
Section 2,Section 2,2,0.6777000427246094,233.0,0.6777000427246094,solid,sampled
Section 2,Section 2,2,0.6343803405761719,234.0,0.6343803405761719,solid,sampled
Section 2,Section 2,2,0.5575786828994751,235.0,0.5575786828994751,solid,sampled
Section 2,Section 2,2,0.5139883756637573,236.0,0.5139883756637573,solid,sampled
Section 2,Section 2,2,0.48755383491516113,237.0,0.48755383491516113,solid,sampled
Section 2,Section 2,2,0.5088420510292053,238.0,0.5088420510292053,solid,sampled
Section 2,Section 2,2,0.39269396662712097,239.0,0.39269396662712097,solid,sampled
Section 2,Section 2,2,0.4065711796283722,240.0,0.4065711796283722,solid,sampled
Section 2,Section 2,2,0.25804612040519714,241.0,0.25804612040519714,solid,sampled
Section 2,Section 2,2,0.15812435746192932,242.0,0.15812435746192932,solid,sampled
Section 2,Section 2,2,0.06968486309051514,243.0,0.06968486309051514,solid,sampled
Section 2,Section 2,2,-0.05659151077270508,244.0,-0.05659151077270508,solid,sampled
Section 2,Section 2,2,-0.18748150765895844,245.0,-0.18748150765895844,solid,sampled
Section 2,Section 2,2,-0.2869405746459961,246.0,-0.2869405746459961,solid,sampled
Section 2,Section 2,2,-0.35935211181640625,247.0,-0.35935211181640625,solid,sampled
Section 2,Section 2,2,-0.43916916847229004,248.0,-0.43916916847229004,solid,sampled
Section 2,Section 2,2,-0.43089067935943604,249.0,-0.43089067935943604,solid,sampled
Section 2,Section 2,2,-0.44408130645751953,250.0,-0.44408130645751953,solid,sampled
Section 2,Section 2,2,-0.5067178010940552,251.0,-0.5067178010940552,solid,sampled
Section 2,Section 2,2,-0.5194169282913208,252.0,-0.5194169282913208,solid,sampled
Section 2,Section 2,2,-0.5551918745040894,253.0,-0.5551918745040894,solid,sampled
Section 2,Section 2,2,-0.5276393890380859,254.0,-0.5276393890380859,solid,sampled
Section 2,Section 2,2,-0.5239934921264648,255.0,-0.5239934921264648,solid,sampled
Section 2,Section 2,2,-0.5427877306938171,256.0,-0.5427877306938171,solid,sampled
Section 2,Section 2,2,-0.5383949279785156,257.0,-0.5383949279785156,solid,sampled
Section 2,Section 2,2,-0.5534347295761108,258.0,-0.5534347295761108,solid,sampled
Section 2,Section 2,2,-0.5321250557899475,259.0,-0.5321250557899475,solid,sampled
Section 2,Section 2,2,-0.49448642134666443,260.0,-0.49448642134666443,solid,sampled
Section 2,Section 2,2,-0.4801364243030548,261.0,-0.4801364243030548,solid,sampled
Section 2,Section 2,2,-0.5717979073524475,262.0,-0.5717979073524475,solid,sampled
Section 2,Section 2,2,-0.5146685838699341,263.0,-0.5146685838699341,solid,sampled
Section 2,Section 2,2,-0.5740575790405273,264.0,-0.5740575790405273,solid,sampled
Section 2,Section 2,2,-0.6206207275390625,265.0,-0.6206207275390625,solid,sampled
Section 2,Section 2,2,-0.5878570079803467,266.0,-0.5878570079803467,solid,sampled
Section 2,Section 2,2,-0.6650890111923218,267.0,-0.6650890111923218,solid,sampled
Section 2,Section 2,2,-0.7972373962402344,268.0,-0.7972373962402344,solid,sampled
Section 2,Section 2,2,-0.9743422269821167,269.0,-0.9743422269821167,solid,sampled
Section 2,Section 2,2,-0.9981359243392944,270.0,-0.9981359243392944,solid,sampled
Section 2,Section 2,2,-1.026169776916504,271.0,-1.026169776916504,solid,sampled
Section 2,Section 2,2,-1.0514132976531982,272.0,-1.0514132976531982,solid,sampled
Section 2,Section 2,2,-1.0875197649002075,273.0,-1.0875197649002075,solid,sampled
Section 2,Section 2,2,-1.0569274425506592,274.0,-1.0569274425506592,solid,sampled
Section 2,Section 2,2,-1.03336501121521,275.0,-1.03336501121521,solid,sampled
Section 2,Section 2,2,-1.0099393129348755,276.0,-1.0099393129348755,solid,sampled
Section 2,Section 2,2,-1.0642340183258057,277.0,-1.0642340183258057,solid,sampled
Section 2,Section 2,2,-1.0681519508361816,278.0,-1.0681519508361816,solid,sampled
Section 2,Section 2,2,-1.2350270748138428,279.0,-1.2350270748138428,solid,sampled
Section 2,Section 2,2,-1.1782984733581543,280.0,-1.1782984733581543,solid,sampled
Section 2,Section 2,2,-1.2412123680114746,281.0,-1.2412123680114746,solid,sampled
Section 2,Section 2,2,-1.1692754030227661,282.0,-1.1692754030227661,solid,sampled
Section 2,Section 2,2,-1.191969394683838,283.0,-1.191969394683838,solid,sampled
Section 2,Section 2,2,-1.142418384552002,284.0,-1.142418384552002,solid,sampled
Section 2,Section 2,2,-1.1247193813323975,285.0,-1.1247193813323975,solid,sampled
Section 2,Section 2,2,-1.1234983205795288,286.0,-1.1234983205795288,solid,sampled
Section 2,Section 2,2,-1.1590485572814941,287.0,-1.1590485572814941,solid,sampled
Section 2,Section 2,2,-1.2755695581436157,288.0,-1.2755695581436157,solid,sampled
Section 2,Section 2,2,-1.4143130779266357,289.0,-1.4143130779266357,solid,sampled
Section 2,Section 2,2,-1.2084273099899292,290.0,-1.2084273099899292,solid,sampled
Section 2,Section 2,2,-1.264190912246704,291.0,-1.264190912246704,solid,sampled
Section 2,Section 2,2,-1.2813489437103271,292.0,-1.2813489437103271,solid,sampled
Section 2,Section 2,2,-1.2102673053741455,293.0,-1.2102673053741455,solid,sampled
Section 2,Section 2,2,-1.09267258644104,294.0,-1.09267258644104,solid,sampled
Section 2,Section 2,2,-1.1077880859375,295.0,-1.1077880859375,solid,sampled
Section 2,Section 2,2,-1.0806547403335571,296.0,-1.0806547403335571,solid,sampled
Section 2,Section 2,2,-0.9597172737121582,297.0,-0.9597172737121582,solid,sampled
Section 2,Section 2,2,-0.9395774602890015,298.0,-0.9395774602890015,solid,sampled
Section 2,Section 2,2,-0.8199435472488403,299.0,-0.8199435472488403,solid,sampled
Section 2,Section 2,2,-0.8254410028457642,300.0,-0.8254410028457642,solid,sampled
Section 2,Section 2,2,-0.8341352343559265,301.0,-0.8341352343559265,solid,sampled
Section 2,Section 2,2,-0.7887129783630371,302.0,-0.7887129783630371,solid,sampled
Section 2,Section 2,2,-0.7226001620292664,303.0,-0.7226001620292664,solid,sampled
Section 2,Section 2,2,-0.6777706146240234,304.0,-0.6777706146240234,solid,sampled
Section 2,Section 2,2,-0.6053561568260193,305.0,-0.6053561568260193,solid,sampled
Section 2,Section 2,2,-0.4289886951446533,306.0,-0.4289886951446533,solid,sampled
Section 2,Section 2,2,-0.21531343460083008,307.0,-0.21531343460083008,solid,sampled
Section 2,Section 2,2,-0.06374931335449219,308.0,-0.06374931335449219,solid,sampled
Section 2,Section 2,2,0.023527778685092926,309.0,0.023527778685092926,solid,sampled
Section 2,Section 2,2,0.13621902465820312,310.0,0.13621902465820312,solid,sampled
Section 2,Section 2,2,0.28730061650276184,311.0,0.28730061650276184,solid,sampled
Section 2,Section 2,2,0.47965073585510254,312.0,0.47965073585510254,solid,sampled
Section 2,Section 2,2,0.5908268094062805,313.0,0.5908268094062805,solid,sampled
Section 2,Section 2,2,0.6918069124221802,314.0,0.6918069124221802,solid,sampled
Section 2,Section 2,2,0.7397443056106567,315.0,0.7397443056106567,solid,sampled
Section 2,Section 2,2,0.8974558115005493,316.0,0.8974558115005493,solid,sampled
Section 2,Section 2,2,0.970172643661499,317.0,0.970172643661499,solid,sampled
Section 2,Section 2,2,0.0,318.0,,dotted,null_fill
Section 2,Section 2,2,0.0,319.0,,dotted,null_fill
Section 2,Section 2,2,0.0,320.0,,dotted,null_fill
Section 2,Section 2,2,0.0,321.0,,dotted,null_fill
Section 2,Section 2,2,0.0,322.0,,dotted,null_fill
Section 2,Section 2,2,0.0,323.0,,dotted,null_fill
Section 2,Section 2,2,0.0,324.0,,dotted,null_fill
Section 2,Section 2,2,0.0,325.0,,dotted,null_fill
Section 2,Section 2,2,0.0,326.0,,dotted,null_fill
Section 2,Section 2,2,0.0,327.0,,dotted,null_fill
Section 2,Section 2,2,0.0,328.0,,dotted,null_fill
Section 2,Section 2,2,0.0,329.0,,dotted,null_fill
Section 2,Section 2,2,0.0,330.0,,dotted,null_fill
Section 2,Section 2,2,0.0,331.0,,dotted,null_fill
Section 2,Section 2,2,0.0,332.0,,dotted,null_fill
Section 2,Section 2,2,0.0,333.0,,dotted,null_fill
Section 2,Section 2,2,0.0,334.0,,dotted,null_fill
Section 2,Section 2,2,0.0,335.0,,dotted,null_fill
Section 2,Section 2,2,0.0,336.0,,dotted,null_fill
Section 2,Section 2,2,0.0,337.0,,dotted,null_fill
Section 2,Section 2,2,0.0,338.0,,dotted,null_fill
Section 2,Section 2,2,0.0,339.0,,dotted,null_fill
Section 3,Section 3,3,0.0,0.0,,dotted,null_fill
Section 3,Section 3,3,0.0,1.0,,dotted,null_fill
Section 3,Section 3,3,0.0,2.0,,dotted,null_fill
Section 3,Section 3,3,0.0,3.0,,dotted,null_fill
Section 3,Section 3,3,0.0,4.0,,dotted,null_fill
Section 3,Section 3,3,0.0,5.0,,dotted,null_fill
Section 3,Section 3,3,0.0,6.0,,dotted,null_fill
Section 3,Section 3,3,0.0,7.0,,dotted,null_fill
Section 3,Section 3,3,0.0,8.0,,dotted,null_fill
Section 3,Section 3,3,0.0,9.0,,dotted,null_fill
Section 3,Section 3,3,0.0,10.0,,dotted,null_fill
Section 3,Section 3,3,0.0,11.0,,dotted,null_fill
Section 3,Section 3,3,0.0,12.0,,dotted,null_fill
Section 3,Section 3,3,13.179656982421875,13.0,13.179656982421875,solid,sampled
Section 3,Section 3,3,12.646461486816406,14.0,12.646461486816406,solid,sampled
Section 3,Section 3,3,12.02863883972168,15.0,12.02863883972168,solid,sampled
Section 3,Section 3,3,5.4213714599609375,16.0,5.4213714599609375,solid,sampled
Section 3,Section 3,3,4.276276588439941,17.0,4.276276588439941,solid,sampled
Section 3,Section 3,3,4.276810169219971,18.0,4.276810169219971,solid,sampled
Section 3,Section 3,3,4.260462760925293,19.0,4.260462760925293,solid,sampled
Section 3,Section 3,3,4.277626037597656,20.0,4.277626037597656,solid,sampled
Section 3,Section 3,3,4.246694564819336,21.0,4.246694564819336,solid,sampled
Section 3,Section 3,3,4.242372512817383,22.0,4.242372512817383,solid,sampled
Section 3,Section 3,3,4.247804641723633,23.0,4.247804641723633,solid,sampled
Section 3,Section 3,3,4.061895370483398,24.0,4.061895370483398,solid,sampled
Section 3,Section 3,3,1.1727397441864014,25.0,1.1727397441864014,solid,sampled
Section 3,Section 3,3,0.41048893332481384,26.0,0.41048893332481384,solid,sampled
Section 3,Section 3,3,-0.519066572189331,27.0,-0.519066572189331,solid,sampled
Section 3,Section 3,3,-1.122072458267212,28.0,-1.122072458267212,solid,sampled
Section 3,Section 3,3,-1.1733230352401733,29.0,-1.1733230352401733,solid,sampled
Section 3,Section 3,3,-1.1799218654632568,30.0,-1.1799218654632568,solid,sampled
Section 3,Section 3,3,-1.159867525100708,31.0,-1.159867525100708,solid,sampled
Section 3,Section 3,3,-1.1611814498901367,32.0,-1.1611814498901367,solid,sampled
Section 3,Section 3,3,-1.1354106664657593,33.0,-1.1354106664657593,solid,sampled
Section 3,Section 3,3,-1.1294817924499512,34.0,-1.1294817924499512,solid,sampled
Section 3,Section 3,3,-1.0551056861877441,35.0,-1.0551056861877441,solid,sampled
Section 3,Section 3,3,-1.0280288457870483,36.0,-1.0280288457870483,solid,sampled
Section 3,Section 3,3,-0.9927922487258911,37.0,-0.9927922487258911,solid,sampled
Section 3,Section 3,3,-0.991389274597168,38.0,-0.991389274597168,solid,sampled
Section 3,Section 3,3,-0.9814376831054688,39.0,-0.9814376831054688,solid,sampled
Section 3,Section 3,3,-0.9625846147537231,40.0,-0.9625846147537231,solid,sampled
Section 3,Section 3,3,-0.8929448127746582,41.0,-0.8929448127746582,solid,sampled
Section 3,Section 3,3,-0.9043278098106384,42.0,-0.9043278098106384,solid,sampled
Section 3,Section 3,3,-0.7857828736305237,43.0,-0.7857828736305237,solid,sampled
Section 3,Section 3,3,-0.7612999677658081,44.0,-0.7612999677658081,solid,sampled
Section 3,Section 3,3,-0.699630618095398,45.0,-0.699630618095398,solid,sampled
Section 3,Section 3,3,-0.6603046655654907,46.0,-0.6603046655654907,solid,sampled
Section 3,Section 3,3,-0.6125712394714355,47.0,-0.6125712394714355,solid,sampled
Section 3,Section 3,3,-0.6419743299484253,48.0,-0.6419743299484253,solid,sampled
Section 3,Section 3,3,-0.6518645286560059,49.0,-0.6518645286560059,solid,sampled
Section 3,Section 3,3,-0.6753051280975342,50.0,-0.6753051280975342,solid,sampled
Section 3,Section 3,3,-0.7133632302284241,51.0,-0.7133632302284241,solid,sampled
Section 3,Section 3,3,-0.7715615034103394,52.0,-0.7715615034103394,solid,sampled
Section 3,Section 3,3,-0.8231601715087891,53.0,-0.8231601715087891,solid,sampled
Section 3,Section 3,3,-0.8334822058677673,54.0,-0.8334822058677673,solid,sampled
Section 3,Section 3,3,-0.8950600624084473,55.0,-0.8950600624084473,solid,sampled
Section 3,Section 3,3,-0.9751386642456055,56.0,-0.9751386642456055,solid,sampled
Section 3,Section 3,3,-1.0567418336868286,57.0,-1.0567418336868286,solid,sampled
Section 3,Section 3,3,-1.071535587310791,58.0,-1.071535587310791,solid,sampled
Section 3,Section 3,3,-1.1874713897705078,59.0,-1.1874713897705078,solid,sampled
Section 3,Section 3,3,-1.2537481784820557,60.0,-1.2537481784820557,solid,sampled
Section 3,Section 3,3,-1.2774237394332886,61.0,-1.2774237394332886,solid,sampled
Section 3,Section 3,3,-1.2936346530914307,62.0,-1.2936346530914307,solid,sampled
Section 3,Section 3,3,-1.3289079666137695,63.0,-1.3289079666137695,solid,sampled
Section 3,Section 3,3,-1.306168794631958,64.0,-1.306168794631958,solid,sampled
Section 3,Section 3,3,-1.3202478885650635,65.0,-1.3202478885650635,solid,sampled
Section 3,Section 3,3,-1.341939926147461,66.0,-1.341939926147461,solid,sampled
Section 3,Section 3,3,-1.3324272632598877,67.0,-1.3324272632598877,solid,sampled
Section 3,Section 3,3,-1.3595247268676758,68.0,-1.3595247268676758,solid,sampled
Section 3,Section 3,3,-1.36546790599823,69.0,-1.36546790599823,solid,sampled
Section 3,Section 3,3,-1.3565590381622314,70.0,-1.3565590381622314,solid,sampled
Section 3,Section 3,3,-1.3526579141616821,71.0,-1.3526579141616821,solid,sampled
Section 3,Section 3,3,-1.3725993633270264,72.0,-1.3725993633270264,solid,sampled
Section 3,Section 3,3,-1.3803915977478027,73.0,-1.3803915977478027,solid,sampled
Section 3,Section 3,3,-1.3756616115570068,74.0,-1.3756616115570068,solid,sampled
Section 3,Section 3,3,-1.3586546182632446,75.0,-1.3586546182632446,solid,sampled
Section 3,Section 3,3,-1.343774676322937,76.0,-1.343774676322937,solid,sampled
Section 3,Section 3,3,-1.3074778318405151,77.0,-1.3074778318405151,solid,sampled
Section 3,Section 3,3,-1.2304250001907349,78.0,-1.2304250001907349,solid,sampled
Section 3,Section 3,3,-1.2377303838729858,79.0,-1.2377303838729858,solid,sampled
Section 3,Section 3,3,-1.21337890625,80.0,-1.21337890625,solid,sampled
Section 3,Section 3,3,-1.1641608476638794,81.0,-1.1641608476638794,solid,sampled
Section 3,Section 3,3,-1.069746971130371,82.0,-1.069746971130371,solid,sampled
Section 3,Section 3,3,-1.0365939140319824,83.0,-1.0365939140319824,solid,sampled
Section 3,Section 3,3,-0.9936363697052002,84.0,-0.9936363697052002,solid,sampled
Section 3,Section 3,3,-0.9558877348899841,85.0,-0.9558877348899841,solid,sampled
Section 3,Section 3,3,-0.9284825325012207,86.0,-0.9284825325012207,solid,sampled
Section 3,Section 3,3,-0.912086009979248,87.0,-0.912086009979248,solid,sampled
Section 3,Section 3,3,-0.8339812755584717,88.0,-0.8339812755584717,solid,sampled
Section 3,Section 3,3,-0.831222414970398,89.0,-0.831222414970398,solid,sampled
Section 3,Section 3,3,-0.8686559200286865,90.0,-0.8686559200286865,solid,sampled
Section 3,Section 3,3,-0.9992184042930603,91.0,-0.9992184042930603,solid,sampled
Section 3,Section 3,3,-0.943389892578125,92.0,-0.943389892578125,solid,sampled
Section 3,Section 3,3,-0.8832759857177734,93.0,-0.8832759857177734,solid,sampled
Section 3,Section 3,3,-0.8165745139122009,94.0,-0.8165745139122009,solid,sampled
Section 3,Section 3,3,-0.7546734809875488,95.0,-0.7546734809875488,solid,sampled
Section 3,Section 3,3,-0.7564840316772461,96.0,-0.7564840316772461,solid,sampled
Section 3,Section 3,3,-0.799018144607544,97.0,-0.799018144607544,solid,sampled
Section 3,Section 3,3,-0.839673638343811,98.0,-0.839673638343811,solid,sampled
Section 3,Section 3,3,-0.8187577724456787,99.0,-0.8187577724456787,solid,sampled
Section 3,Section 3,3,-0.8792186975479126,100.0,-0.8792186975479126,solid,sampled
Section 3,Section 3,3,-0.8607306480407715,101.0,-0.8607306480407715,solid,sampled
Section 3,Section 3,3,-0.9122937321662903,102.0,-0.9122937321662903,solid,sampled
Section 3,Section 3,3,-0.9211021065711975,103.0,-0.9211021065711975,solid,sampled
Section 3,Section 3,3,-0.943092405796051,104.0,-0.943092405796051,solid,sampled
Section 3,Section 3,3,-0.9416437149047852,105.0,-0.9416437149047852,solid,sampled
Section 3,Section 3,3,-0.942793071269989,106.0,-0.942793071269989,solid,sampled
Section 3,Section 3,3,-0.9434628486633301,107.0,-0.9434628486633301,solid,sampled
Section 3,Section 3,3,-0.9436066150665283,108.0,-0.9436066150665283,solid,sampled
Section 3,Section 3,3,-0.9425129294395447,109.0,-0.9425129294395447,solid,sampled
Section 3,Section 3,3,-0.9097216129302979,110.0,-0.9097216129302979,solid,sampled
Section 3,Section 3,3,-0.8974245190620422,111.0,-0.8974245190620422,solid,sampled
Section 3,Section 3,3,-0.9150199890136719,112.0,-0.9150199890136719,solid,sampled
Section 3,Section 3,3,-0.9145764112472534,113.0,-0.9145764112472534,solid,sampled
Section 3,Section 3,3,-0.8798370361328125,114.0,-0.8798370361328125,solid,sampled
Section 3,Section 3,3,-0.8553690910339355,115.0,-0.8553690910339355,solid,sampled
Section 3,Section 3,3,-0.8325002193450928,116.0,-0.8325002193450928,solid,sampled
Section 3,Section 3,3,-0.8173495531082153,117.0,-0.8173495531082153,solid,sampled
Section 3,Section 3,3,-0.7796722650527954,118.0,-0.7796722650527954,solid,sampled
Section 3,Section 3,3,-0.8016618490219116,119.0,-0.8016618490219116,solid,sampled
Section 3,Section 3,3,-0.8218420743942261,120.0,-0.8218420743942261,solid,sampled
Section 3,Section 3,3,-0.8400822877883911,121.0,-0.8400822877883911,solid,sampled
Section 3,Section 3,3,-0.8501226902008057,122.0,-0.8501226902008057,solid,sampled
Section 3,Section 3,3,-0.787878692150116,123.0,-0.787878692150116,solid,sampled
Section 3,Section 3,3,-0.7680974006652832,124.0,-0.7680974006652832,solid,sampled
Section 3,Section 3,3,-0.7316732406616211,125.0,-0.7316732406616211,solid,sampled
Section 3,Section 3,3,-0.7451447248458862,126.0,-0.7451447248458862,solid,sampled
Section 3,Section 3,3,-0.7410035133361816,127.0,-0.7410035133361816,solid,sampled
Section 3,Section 3,3,-0.7356374263763428,128.0,-0.7356374263763428,solid,sampled
Section 3,Section 3,3,-0.8071144819259644,129.0,-0.8071144819259644,solid,sampled
Section 3,Section 3,3,-0.7459449768066406,130.0,-0.7459449768066406,solid,sampled
Section 3,Section 3,3,-0.8362243175506592,131.0,-0.8362243175506592,solid,sampled
Section 3,Section 3,3,-0.87018221616745,132.0,-0.87018221616745,solid,sampled
Section 3,Section 3,3,-0.9237504005432129,133.0,-0.9237504005432129,solid,sampled
Section 3,Section 3,3,-0.9176247119903564,134.0,-0.9176247119903564,solid,sampled
Section 3,Section 3,3,-0.9310662746429443,135.0,-0.9310662746429443,solid,sampled
Section 3,Section 3,3,-0.889900267124176,136.0,-0.889900267124176,solid,sampled
Section 3,Section 3,3,-0.8401486873626709,137.0,-0.8401486873626709,solid,sampled
Section 3,Section 3,3,-0.8208474516868591,138.0,-0.8208474516868591,solid,sampled
Section 3,Section 3,3,-0.7924885749816895,139.0,-0.7924885749816895,solid,sampled
Section 3,Section 3,3,-0.7588973045349121,140.0,-0.7588973045349121,solid,sampled
Section 3,Section 3,3,-0.7091590166091919,141.0,-0.7091590166091919,solid,sampled
Section 3,Section 3,3,-0.7000552415847778,142.0,-0.7000552415847778,solid,sampled
Section 3,Section 3,3,-0.6812008619308472,143.0,-0.6812008619308472,solid,sampled
Section 3,Section 3,3,-0.5934794545173645,144.0,-0.5934794545173645,solid,sampled
Section 3,Section 3,3,-0.5746183395385742,145.0,-0.5746183395385742,solid,sampled
Section 3,Section 3,3,-0.516715943813324,146.0,-0.516715943813324,solid,sampled
Section 3,Section 3,3,-0.44404399394989014,147.0,-0.44404399394989014,solid,sampled
Section 3,Section 3,3,-0.4005364775657654,148.0,-0.4005364775657654,solid,sampled
Section 3,Section 3,3,-0.31406861543655396,149.0,-0.31406861543655396,solid,sampled
Section 3,Section 3,3,-0.2275671660900116,150.0,-0.2275671660900116,solid,sampled
Section 3,Section 3,3,-0.07965455949306488,151.0,-0.07965455949306488,solid,sampled
Section 3,Section 3,3,0.07887482643127441,152.0,0.07887482643127441,solid,sampled
Section 3,Section 3,3,0.16573360562324524,153.0,0.16573360562324524,solid,sampled
Section 3,Section 3,3,0.2607143521308899,154.0,0.2607143521308899,solid,sampled
Section 3,Section 3,3,0.42041492462158203,155.0,0.42041492462158203,solid,sampled
Section 3,Section 3,3,0.49970197677612305,156.0,0.49970197677612305,solid,sampled
Section 3,Section 3,3,0.6074368953704834,157.0,0.6074368953704834,solid,sampled
Section 3,Section 3,3,0.7445892095565796,158.0,0.7445892095565796,solid,sampled
Section 3,Section 3,3,0.8622831106185913,159.0,0.8622831106185913,solid,sampled
Section 3,Section 3,3,1.001152753829956,160.0,1.001152753829956,solid,sampled
Section 3,Section 3,3,1.1106688976287842,161.0,1.1106688976287842,solid,sampled
Section 3,Section 3,3,1.1574152708053589,162.0,1.1574152708053589,solid,sampled
Section 3,Section 3,3,1.1661663055419922,163.0,1.1661663055419922,solid,sampled
Section 3,Section 3,3,1.1813275814056396,164.0,1.1813275814056396,solid,sampled
Section 3,Section 3,3,1.105124592781067,165.0,1.105124592781067,solid,sampled
Section 3,Section 3,3,1.0990850925445557,166.0,1.0990850925445557,solid,sampled
Section 3,Section 3,3,1.0889818668365479,167.0,1.0889818668365479,solid,sampled
Section 3,Section 3,3,1.0947842597961426,168.0,1.0947842597961426,solid,sampled
Section 3,Section 3,3,1.0467952489852905,169.0,1.0467952489852905,solid,sampled
Section 3,Section 3,3,1.0242903232574463,170.0,1.0242903232574463,solid,sampled
Section 3,Section 3,3,1.002933382987976,171.0,1.002933382987976,solid,sampled
Section 3,Section 3,3,0.977169394493103,172.0,0.977169394493103,solid,sampled
Section 3,Section 3,3,0.978927731513977,173.0,0.978927731513977,solid,sampled
Section 3,Section 3,3,0.9583619236946106,174.0,0.9583619236946106,solid,sampled
Section 3,Section 3,3,0.9477561712265015,175.0,0.9477561712265015,solid,sampled
Section 3,Section 3,3,0.9453598260879517,176.0,0.9453598260879517,solid,sampled
Section 3,Section 3,3,0.9257562160491943,177.0,0.9257562160491943,solid,sampled
Section 3,Section 3,3,0.9177631735801697,178.0,0.9177631735801697,solid,sampled
Section 3,Section 3,3,0.9074822068214417,179.0,0.9074822068214417,solid,sampled
Section 3,Section 3,3,0.8773937225341797,180.0,0.8773937225341797,solid,sampled
Section 3,Section 3,3,0.8418337106704712,181.0,0.8418337106704712,solid,sampled
Section 3,Section 3,3,0.8060467839241028,182.0,0.8060467839241028,solid,sampled
Section 3,Section 3,3,0.7695632576942444,183.0,0.7695632576942444,solid,sampled
Section 3,Section 3,3,0.7214802503585815,184.0,0.7214802503585815,solid,sampled
Section 3,Section 3,3,0.67917400598526,185.0,0.67917400598526,solid,sampled
Section 3,Section 3,3,0.6612597703933716,186.0,0.6612597703933716,solid,sampled
Section 3,Section 3,3,0.6352767944335938,187.0,0.6352767944335938,solid,sampled
Section 3,Section 3,3,0.5586802959442139,188.0,0.5586802959442139,solid,sampled
Section 3,Section 3,3,0.5101448893547058,189.0,0.5101448893547058,solid,sampled
Section 3,Section 3,3,0.4636138379573822,190.0,0.4636138379573822,solid,sampled
Section 3,Section 3,3,0.40372467041015625,191.0,0.40372467041015625,solid,sampled
Section 3,Section 3,3,0.340041846036911,192.0,0.340041846036911,solid,sampled
Section 3,Section 3,3,0.2837631404399872,193.0,0.2837631404399872,solid,sampled
Section 3,Section 3,3,0.22063064575195312,194.0,0.22063064575195312,solid,sampled
Section 3,Section 3,3,0.14655722677707672,195.0,0.14655722677707672,solid,sampled
Section 3,Section 3,3,0.0710287094116211,196.0,0.0710287094116211,solid,sampled
Section 3,Section 3,3,0.013477444648742676,197.0,0.013477444648742676,solid,sampled
Section 3,Section 3,3,-0.039395272731781006,198.0,-0.039395272731781006,solid,sampled
Section 3,Section 3,3,-0.0981174111366272,199.0,-0.0981174111366272,solid,sampled
Section 3,Section 3,3,-0.17428874969482422,200.0,-0.17428874969482422,solid,sampled
Section 3,Section 3,3,-0.2344270944595337,201.0,-0.2344270944595337,solid,sampled
Section 3,Section 3,3,-0.3041810989379883,202.0,-0.3041810989379883,solid,sampled
Section 3,Section 3,3,-0.3919649124145508,203.0,-0.3919649124145508,solid,sampled
Section 3,Section 3,3,-0.475482702255249,204.0,-0.475482702255249,solid,sampled
Section 3,Section 3,3,-0.565070629119873,205.0,-0.565070629119873,solid,sampled
Section 3,Section 3,3,-0.6672896146774292,206.0,-0.6672896146774292,solid,sampled
Section 3,Section 3,3,-0.7698880434036255,207.0,-0.7698880434036255,solid,sampled
Section 3,Section 3,3,-0.9117385745048523,208.0,-0.9117385745048523,solid,sampled
Section 3,Section 3,3,-1.0070348978042603,209.0,-1.0070348978042603,solid,sampled
Section 3,Section 3,3,-1.1865004301071167,210.0,-1.1865004301071167,solid,sampled
Section 3,Section 3,3,-1.3841311931610107,211.0,-1.3841311931610107,solid,sampled
Section 3,Section 3,3,-1.4045583009719849,212.0,-1.4045583009719849,solid,sampled
Section 3,Section 3,3,-1.4768716096878052,213.0,-1.4768716096878052,solid,sampled
Section 3,Section 3,3,-1.5265063047409058,214.0,-1.5265063047409058,solid,sampled
Section 3,Section 3,3,-1.5888340473175049,215.0,-1.5888340473175049,solid,sampled
Section 3,Section 3,3,-1.6021833419799805,216.0,-1.6021833419799805,solid,sampled
Section 3,Section 3,3,-1.7445156574249268,217.0,-1.7445156574249268,solid,sampled
Section 3,Section 3,3,-1.7462117671966553,218.0,-1.7462117671966553,solid,sampled
Section 3,Section 3,3,-2.003162384033203,219.0,-2.003162384033203,solid,sampled
Section 3,Section 3,3,-2.2562832832336426,220.0,-2.2562832832336426,solid,sampled
Section 3,Section 3,3,-2.3439383506774902,221.0,-2.3439383506774902,solid,sampled
Section 3,Section 3,3,-2.132822275161743,222.0,-2.132822275161743,solid,sampled
Section 3,Section 3,3,-2.116710662841797,223.0,-2.116710662841797,solid,sampled
Section 3,Section 3,3,-2.1742587089538574,224.0,-2.1742587089538574,solid,sampled
Section 3,Section 3,3,-2.1227691173553467,225.0,-2.1227691173553467,solid,sampled
Section 3,Section 3,3,-2.0615508556365967,226.0,-2.0615508556365967,solid,sampled
Section 3,Section 3,3,-1.8772507905960083,227.0,-1.8772507905960083,solid,sampled
Section 3,Section 3,3,-1.7505072355270386,228.0,-1.7505072355270386,solid,sampled
Section 3,Section 3,3,-1.987586498260498,229.0,-1.987586498260498,solid,sampled
Section 3,Section 3,3,-1.9035072326660156,230.0,-1.9035072326660156,solid,sampled
Section 3,Section 3,3,-1.9009974002838135,231.0,-1.9009974002838135,solid,sampled
Section 3,Section 3,3,-1.785065770149231,232.0,-1.785065770149231,solid,sampled
Section 3,Section 3,3,-3.0,233.0,-3.1874070167541504,solid,water_floor
Section 3,Section 3,3,-2.6463582515716553,234.0,-2.6463582515716553,solid,sampled
Section 3,Section 3,3,-2.5627875328063965,235.0,-2.5627875328063965,solid,sampled
Section 3,Section 3,3,-2.323556900024414,236.0,-2.323556900024414,solid,sampled
Section 3,Section 3,3,-3.0,237.0,-4.648243427276611,solid,water_floor
Section 3,Section 3,3,-2.682302474975586,238.0,-2.682302474975586,solid,sampled
Section 3,Section 3,3,-1.826101303100586,239.0,-1.826101303100586,solid,sampled
Section 3,Section 3,3,-1.9082036018371582,240.0,-1.9082036018371582,solid,sampled
Section 3,Section 3,3,-2.1824886798858643,241.0,-2.1824886798858643,solid,sampled
Section 3,Section 3,3,-2.3068575859069824,242.0,-2.3068575859069824,solid,sampled
Section 3,Section 3,3,-1.7182438373565674,243.0,-1.7182438373565674,solid,sampled
Section 3,Section 3,3,-2.2192840576171875,244.0,-2.2192840576171875,solid,sampled
Section 3,Section 3,3,-2.3388357162475586,245.0,-2.3388357162475586,solid,sampled
Section 3,Section 3,3,-2.3549888134002686,246.0,-2.3549888134002686,solid,sampled
Section 3,Section 3,3,-2.1737077236175537,247.0,-2.1737077236175537,solid,sampled
Section 3,Section 3,3,-2.033214569091797,248.0,-2.033214569091797,solid,sampled
Section 3,Section 3,3,-3.0,249.0,-8.356891632080078,solid,water_floor
Section 3,Section 3,3,-3.0,250.0,-3.323795795440674,solid,water_floor
Section 3,Section 3,3,-2.216891288757324,251.0,-2.216891288757324,solid,sampled
Section 3,Section 3,3,-2.208409309387207,252.0,-2.208409309387207,solid,sampled
Section 3,Section 3,3,-1.8954010009765625,253.0,-1.8954010009765625,solid,sampled
Section 3,Section 3,3,-1.7215285301208496,254.0,-1.7215285301208496,solid,sampled
Section 3,Section 3,3,-1.6398149728775024,255.0,-1.6398149728775024,solid,sampled
Section 3,Section 3,3,-1.9518651962280273,256.0,-1.9518651962280273,solid,sampled
Section 3,Section 3,3,-1.8997117280960083,257.0,-1.8997117280960083,solid,sampled
Section 3,Section 3,3,-1.5577380657196045,258.0,-1.5577380657196045,solid,sampled
Section 3,Section 3,3,-1.5388168096542358,259.0,-1.5388168096542358,solid,sampled
Section 3,Section 3,3,-1.5433945655822754,260.0,-1.5433945655822754,solid,sampled
Section 3,Section 3,3,-1.0061088800430298,261.0,-1.0061088800430298,solid,sampled
Section 3,Section 3,3,-1.3996325731277466,262.0,-1.3996325731277466,solid,sampled
Section 3,Section 3,3,-1.3859996795654297,263.0,-1.3859996795654297,solid,sampled
Section 3,Section 3,3,-1.3739986419677734,264.0,-1.3739986419677734,solid,sampled
Section 3,Section 3,3,-1.2215532064437866,265.0,-1.2215532064437866,solid,sampled
Section 3,Section 3,3,-1.0216747522354126,266.0,-1.0216747522354126,solid,sampled
Section 3,Section 3,3,-0.9124082922935486,267.0,-0.9124082922935486,solid,sampled
Section 3,Section 3,3,-0.6772972941398621,268.0,-0.6772972941398621,solid,sampled
Section 3,Section 3,3,-0.4459165334701538,269.0,-0.4459165334701538,solid,sampled
Section 3,Section 3,3,-0.20251692831516266,270.0,-0.20251692831516266,solid,sampled
Section 3,Section 3,3,-0.02397438883781433,271.0,-0.02397438883781433,solid,sampled
Section 3,Section 3,3,0.15519696474075317,272.0,0.15519696474075317,solid,sampled
Section 3,Section 3,3,0.3981176018714905,273.0,0.3981176018714905,solid,sampled
Section 3,Section 3,3,0.5924302935600281,274.0,0.5924302935600281,solid,sampled
Section 3,Section 3,3,0.7721191644668579,275.0,0.7721191644668579,solid,sampled
Section 3,Section 3,3,1.0339590311050415,276.0,1.0339590311050415,solid,sampled
Section 3,Section 3,3,1.1908067464828491,277.0,1.1908067464828491,solid,sampled
Section 3,Section 3,3,1.466994047164917,278.0,1.466994047164917,solid,sampled
Section 3,Section 3,3,1.6054258346557617,279.0,1.6054258346557617,solid,sampled
Section 3,Section 3,3,1.9974310398101807,280.0,1.9974310398101807,solid,sampled
Section 3,Section 3,3,2.4278481006622314,281.0,2.4278481006622314,solid,sampled
Section 3,Section 3,3,2.744281768798828,282.0,2.744281768798828,solid,sampled
Section 3,Section 3,3,3.250281810760498,283.0,3.250281810760498,solid,sampled
Section 3,Section 3,3,3.3388864994049072,284.0,3.3388864994049072,solid,sampled
Section 3,Section 3,3,3.3996336460113525,285.0,3.3996336460113525,solid,sampled
Section 3,Section 3,3,3.4826366901397705,286.0,3.4826366901397705,solid,sampled
Section 3,Section 3,3,3.7264132499694824,287.0,3.7264132499694824,solid,sampled
Section 3,Section 3,3,4.64178466796875,288.0,4.64178466796875,solid,sampled
Section 3,Section 3,3,5.127601623535156,289.0,5.127601623535156,solid,sampled
Section 3,Section 3,3,5.994844436645508,290.0,5.994844436645508,solid,sampled
Section 3,Section 3,3,5.567632675170898,291.0,5.567632675170898,solid,sampled
Section 3,Section 3,3,5.513121128082275,292.0,5.513121128082275,solid,sampled
Section 3,Section 3,3,5.106590747833252,293.0,5.106590747833252,solid,sampled
Section 3,Section 3,3,5.4250030517578125,294.0,5.4250030517578125,solid,sampled
Section 3,Section 3,3,5.810476303100586,295.0,5.810476303100586,solid,sampled
Section 3,Section 3,3,5.507345199584961,296.0,5.507345199584961,solid,sampled
Section 3,Section 3,3,5.490485191345215,297.0,5.490485191345215,solid,sampled
Section 3,Section 3,3,5.420145511627197,298.0,5.420145511627197,solid,sampled
Section 3,Section 3,3,5.418182373046875,299.0,5.418182373046875,solid,sampled
Section 3,Section 3,3,5.39686918258667,300.0,5.39686918258667,solid,sampled
Section 3,Section 3,3,5.150594234466553,301.0,5.150594234466553,solid,sampled
Section 3,Section 3,3,5.0190863609313965,302.0,5.0190863609313965,solid,sampled
Section 3,Section 3,3,4.981273651123047,303.0,4.981273651123047,solid,sampled
Section 3,Section 3,3,5.47255277633667,304.0,5.47255277633667,solid,sampled
Section 3,Section 3,3,5.743456840515137,305.0,5.743456840515137,solid,sampled
Section 3,Section 3,3,6.155838966369629,306.0,6.155838966369629,solid,sampled
Section 3,Section 3,3,6.284214496612549,307.0,6.284214496612549,solid,sampled
Section 3,Section 3,3,6.4076948165893555,308.0,6.4076948165893555,solid,sampled
Section 3,Section 3,3,6.727119445800781,309.0,6.727119445800781,solid,sampled
Section 3,Section 3,3,6.226495742797852,310.0,6.226495742797852,solid,sampled
Section 3,Section 3,3,6.29932975769043,311.0,6.29932975769043,solid,sampled
Section 3,Section 3,3,5.916840553283691,312.0,5.916840553283691,solid,sampled
Section 3,Section 3,3,5.63330078125,313.0,5.63330078125,solid,sampled
Section 3,Section 3,3,5.591625213623047,314.0,5.591625213623047,solid,sampled
Section 3,Section 3,3,5.590978145599365,315.0,5.590978145599365,solid,sampled
Section 3,Section 3,3,6.035399913787842,316.0,6.035399913787842,solid,sampled
Section 3,Section 3,3,6.382068157196045,317.0,6.382068157196045,solid,sampled
Section 3,Section 3,3,6.6566386222839355,318.0,6.6566386222839355,solid,sampled
Section 3,Section 3,3,6.391857624053955,319.0,6.391857624053955,solid,sampled
Section 3,Section 3,3,6.075289726257324,320.0,6.075289726257324,solid,sampled
Section 3,Section 3,3,5.851718425750732,321.0,5.851718425750732,solid,sampled
Section 3,Section 3,3,6.143542289733887,322.0,6.143542289733887,solid,sampled
Section 3,Section 3,3,5.693907737731934,323.0,5.693907737731934,solid,sampled
Section 3,Section 3,3,5.65791130065918,324.0,5.65791130065918,solid,sampled
Section 3,Section 3,3,5.6978230476379395,325.0,5.6978230476379395,solid,sampled
Section 3,Section 3,3,5.628132343292236,326.0,5.628132343292236,solid,sampled
Section 3,Section 3,3,5.597648620605469,327.0,5.597648620605469,solid,sampled
Section 3,Section 3,3,5.580774784088135,328.0,5.580774784088135,solid,sampled
Section 3,Section 3,3,5.575968265533447,329.0,5.575968265533447,solid,sampled
Section 3,Section 3,3,5.578406810760498,330.0,5.578406810760498,solid,sampled
Section 3,Section 3,3,5.614060401916504,331.0,5.614060401916504,solid,sampled
Section 3,Section 3,3,5.696383476257324,332.0,5.696383476257324,solid,sampled
Section 3,Section 3,3,5.775857925415039,333.0,5.775857925415039,solid,sampled
Section 3,Section 3,3,5.895852088928223,334.0,5.895852088928223,solid,sampled
Section 3,Section 3,3,5.991223335266113,335.0,5.991223335266113,solid,sampled
Section 3,Section 3,3,6.075899600982666,336.0,6.075899600982666,solid,sampled
Section 3,Section 3,3,6.136666297912598,337.0,6.136666297912598,solid,sampled
Section 3,Section 3,3,6.167276382446289,338.0,6.167276382446289,solid,sampled
Section 3,Section 3,3,6.248692512512207,339.0,6.248692512512207,solid,sampled
Section 3,Section 3,3,6.1894049644470215,340.0,6.1894049644470215,solid,sampled
Section 3,Section 3,3,6.004212379455566,341.0,6.004212379455566,solid,sampled
Section 3,Section 3,3,5.9962944984436035,342.0,5.9962944984436035,solid,sampled
Section 3,Section 3,3,6.009246826171875,343.0,6.009246826171875,solid,sampled
Section 3,Section 3,3,6.274547576904297,344.0,6.274547576904297,solid,sampled
Section 3,Section 3,3,6.500095844268799,345.0,6.500095844268799,solid,sampled
Section 3,Section 3,3,6.526059150695801,346.0,6.526059150695801,solid,sampled
Section 3,Section 3,3,6.565835952758789,347.0,6.565835952758789,solid,sampled
Section 3,Section 3,3,6.520326614379883,348.0,6.520326614379883,solid,sampled
Section 3,Section 3,3,6.406381607055664,349.0,6.406381607055664,solid,sampled
Section 3,Section 3,3,6.314915657043457,350.0,6.314915657043457,solid,sampled
Section 3,Section 3,3,6.060480117797852,351.0,6.060480117797852,solid,sampled
Section 3,Section 3,3,5.7346038818359375,352.0,5.7346038818359375,solid,sampled
Section 3,Section 3,3,5.6802568435668945,353.0,5.6802568435668945,solid,sampled
Section 3,Section 3,3,5.662400722503662,354.0,5.662400722503662,solid,sampled
Section 3,Section 3,3,4.224841594696045,355.0,4.224841594696045,solid,sampled
Section 3,Section 3,3,3.861912965774536,356.0,3.861912965774536,solid,sampled
Section 3,Section 3,3,3.684145927429199,357.0,3.684145927429199,solid,sampled
Section 3,Section 3,3,3.496783494949341,358.0,3.496783494949341,solid,sampled
Section 3,Section 3,3,3.3421590328216553,359.0,3.3421590328216553,solid,sampled
Section 3,Section 3,3,3.2045741081237793,360.0,3.2045741081237793,solid,sampled
Section 3,Section 3,3,3.0653250217437744,361.0,3.0653250217437744,solid,sampled
Section 3,Section 3,3,2.91835355758667,362.0,2.91835355758667,solid,sampled
Section 3,Section 3,3,2.7866973876953125,363.0,2.7866973876953125,solid,sampled
Section 3,Section 3,3,2.6720423698425293,364.0,2.6720423698425293,solid,sampled
Section 3,Section 3,3,2.5675787925720215,365.0,2.5675787925720215,solid,sampled
Section 3,Section 3,3,2.46221923828125,366.0,2.46221923828125,solid,sampled
Section 3,Section 3,3,2.336456775665283,367.0,2.336456775665283,solid,sampled
Section 3,Section 3,3,2.221357583999634,368.0,2.221357583999634,solid,sampled
Section 3,Section 3,3,2.092437982559204,369.0,2.092437982559204,solid,sampled
Section 3,Section 3,3,2.0743398666381836,370.0,2.0743398666381836,solid,sampled
Section 3,Section 3,3,1.8446300029754639,371.0,1.8446300029754639,solid,sampled
Section 3,Section 3,3,1.7260692119598389,372.0,1.7260692119598389,solid,sampled
Section 3,Section 3,3,1.6077919006347656,373.0,1.6077919006347656,solid,sampled
Section 3,Section 3,3,1.503830075263977,374.0,1.503830075263977,solid,sampled
Section 3,Section 3,3,1.4116435050964355,375.0,1.4116435050964355,solid,sampled
Section 3,Section 3,3,1.2716913223266602,376.0,1.2716913223266602,solid,sampled
Section 3,Section 3,3,1.1530264616012573,377.0,1.1530264616012573,solid,sampled
Section 3,Section 3,3,1.047348976135254,378.0,1.047348976135254,solid,sampled
Section 3,Section 3,3,0.9541703462600708,379.0,0.9541703462600708,solid,sampled
Section 3,Section 3,3,0.9026095867156982,380.0,0.9026095867156982,solid,sampled
Section 3,Section 3,3,0.8018524646759033,381.0,0.8018524646759033,solid,sampled
Section 3,Section 3,3,0.7206507921218872,382.0,0.7206507921218872,solid,sampled
Section 3,Section 3,3,0.5462212562561035,383.0,0.5462212562561035,solid,sampled
Section 3,Section 3,3,0.40603944659233093,384.0,0.40603944659233093,solid,sampled
Section 3,Section 3,3,0.28307101130485535,385.0,0.28307101130485535,solid,sampled
Section 3,Section 3,3,0.1587955355644226,386.0,0.1587955355644226,solid,sampled
Section 3,Section 3,3,0.0909171998500824,387.0,0.0909171998500824,solid,sampled
Section 3,Section 3,3,0.17973870038986206,388.0,0.17973870038986206,solid,sampled
Section 3,Section 3,3,0.17399512231349945,389.0,0.17399512231349945,solid,sampled
Section 3,Section 3,3,0.23438453674316406,390.0,0.23438453674316406,solid,sampled
Section 3,Section 3,3,0.2478124499320984,391.0,0.2478124499320984,solid,sampled
Section 3,Section 3,3,0.28923261165618896,392.0,0.28923261165618896,solid,sampled
Section 3,Section 3,3,0.37200605869293213,393.0,0.37200605869293213,solid,sampled
Section 3,Section 3,3,0.37590911984443665,394.0,0.37590911984443665,solid,sampled
Section 3,Section 3,3,0.4312044382095337,395.0,0.4312044382095337,solid,sampled
Section 3,Section 3,3,0.5651652812957764,396.0,0.5651652812957764,solid,sampled
Section 3,Section 3,3,0.6368682980537415,397.0,0.6368682980537415,solid,sampled
Section 3,Section 3,3,0.7086365818977356,398.0,0.7086365818977356,solid,sampled
Section 3,Section 3,3,0.7510737180709839,399.0,0.7510737180709839,solid,sampled
Section 3,Section 3,3,0.8033014535903931,400.0,0.8033014535903931,solid,sampled
Section 3,Section 3,3,0.8069334030151367,401.0,0.8069334030151367,solid,sampled
Section 3,Section 3,3,0.8144576549530029,402.0,0.8144576549530029,solid,sampled
Section 3,Section 3,3,0.8245828747749329,403.0,0.8245828747749329,solid,sampled
Section 3,Section 3,3,0.8791407346725464,404.0,0.8791407346725464,solid,sampled
Section 3,Section 3,3,0.8872655630111694,405.0,0.8872655630111694,solid,sampled
Section 3,Section 3,3,0.9300135374069214,406.0,0.9300135374069214,solid,sampled
Section 3,Section 3,3,0.9690701365470886,407.0,0.9690701365470886,solid,sampled
Section 3,Section 3,3,0.99185711145401,408.0,0.99185711145401,solid,sampled
Section 3,Section 3,3,1.0001530647277832,409.0,1.0001530647277832,solid,sampled
Section 3,Section 3,3,1.0134541988372803,410.0,1.0134541988372803,solid,sampled
Section 3,Section 3,3,1.0072064399719238,411.0,1.0072064399719238,solid,sampled
Section 3,Section 3,3,1.018355131149292,412.0,1.018355131149292,solid,sampled
Section 3,Section 3,3,1.040602207183838,413.0,1.040602207183838,solid,sampled
Section 3,Section 3,3,1.051236867904663,414.0,1.051236867904663,solid,sampled
Section 3,Section 3,3,1.0666863918304443,415.0,1.0666863918304443,solid,sampled
Section 3,Section 3,3,1.085916519165039,416.0,1.085916519165039,solid,sampled
Section 3,Section 3,3,1.1058053970336914,417.0,1.1058053970336914,solid,sampled
Section 3,Section 3,3,1.136110544204712,418.0,1.136110544204712,solid,sampled
Section 3,Section 3,3,1.1526745557785034,419.0,1.1526745557785034,solid,sampled
Section 3,Section 3,3,1.1526684761047363,420.0,1.1526684761047363,solid,sampled
Section 3,Section 3,3,1.1492969989776611,421.0,1.1492969989776611,solid,sampled
Section 3,Section 3,3,1.1436128616333008,422.0,1.1436128616333008,solid,sampled
Section 3,Section 3,3,1.1483385562896729,423.0,1.1483385562896729,solid,sampled
Section 3,Section 3,3,1.1331214904785156,424.0,1.1331214904785156,solid,sampled
Section 3,Section 3,3,1.1164445877075195,425.0,1.1164445877075195,solid,sampled
Section 3,Section 3,3,1.103553056716919,426.0,1.103553056716919,solid,sampled
Section 3,Section 3,3,1.077254295349121,427.0,1.077254295349121,solid,sampled
Section 3,Section 3,3,1.0514436960220337,428.0,1.0514436960220337,solid,sampled
Section 3,Section 3,3,1.0081863403320312,429.0,1.0081863403320312,solid,sampled
Section 3,Section 3,3,0.9409780502319336,430.0,0.9409780502319336,solid,sampled
Section 3,Section 3,3,0.863114058971405,431.0,0.863114058971405,solid,sampled
Section 3,Section 3,3,0.7837358117103577,432.0,0.7837358117103577,solid,sampled
Section 3,Section 3,3,0.6981250643730164,433.0,0.6981250643730164,solid,sampled
Section 3,Section 3,3,0.6849052309989929,434.0,0.6849052309989929,solid,sampled
Section 3,Section 3,3,0.6701104640960693,435.0,0.6701104640960693,solid,sampled
Section 3,Section 3,3,0.5722379684448242,436.0,0.5722379684448242,solid,sampled
Section 3,Section 3,3,0.6788626909255981,437.0,0.6788626909255981,solid,sampled
Section 3,Section 3,3,0.6148989796638489,438.0,0.6148989796638489,solid,sampled
Section 3,Section 3,3,0.5681666731834412,439.0,0.5681666731834412,solid,sampled
Section 3,Section 3,3,0.590089738368988,440.0,0.590089738368988,solid,sampled
Section 3,Section 3,3,0.6128835082054138,441.0,0.6128835082054138,solid,sampled
Section 3,Section 3,3,0.6482045650482178,442.0,0.6482045650482178,solid,sampled
Section 3,Section 3,3,0.6760522127151489,443.0,0.6760522127151489,solid,sampled
Section 3,Section 3,3,0.7165502309799194,444.0,0.7165502309799194,solid,sampled
Section 3,Section 3,3,0.7292773723602295,445.0,0.7292773723602295,solid,sampled
Section 3,Section 3,3,0.7753448486328125,446.0,0.7753448486328125,solid,sampled
Section 3,Section 3,3,0.5930454730987549,447.0,0.5930454730987549,solid,sampled
Section 3,Section 3,3,0.6424237489700317,448.0,0.6424237489700317,solid,sampled
Section 3,Section 3,3,0.7725433111190796,449.0,0.7725433111190796,solid,sampled
Section 3,Section 3,3,0.6987775564193726,450.0,0.6987775564193726,solid,sampled
Section 3,Section 3,3,0.7887791991233826,451.0,0.7887791991233826,solid,sampled
Section 3,Section 3,3,0.8586225509643555,452.0,0.8586225509643555,solid,sampled
Section 3,Section 3,3,0.789370059967041,453.0,0.789370059967041,solid,sampled
Section 3,Section 3,3,0.8198917508125305,454.0,0.8198917508125305,solid,sampled
Section 3,Section 3,3,0.8725056052207947,455.0,0.8725056052207947,solid,sampled
Section 3,Section 3,3,0.8721441030502319,456.0,0.8721441030502319,solid,sampled
Section 3,Section 3,3,0.8285757303237915,457.0,0.8285757303237915,solid,sampled
Section 3,Section 3,3,0.830040454864502,458.0,0.830040454864502,solid,sampled
Section 3,Section 3,3,0.9010457396507263,459.0,0.9010457396507263,solid,sampled
Section 3,Section 3,3,0.8945279121398926,460.0,0.8945279121398926,solid,sampled
Section 3,Section 3,3,0.9201618432998657,461.0,0.9201618432998657,solid,sampled
Section 3,Section 3,3,0.7983857989311218,462.0,0.7983857989311218,solid,sampled
Section 3,Section 3,3,0.7293155193328857,463.0,0.7293155193328857,solid,sampled
Section 3,Section 3,3,0.7756562829017639,464.0,0.7756562829017639,solid,sampled
Section 3,Section 3,3,0.8817020654678345,465.0,0.8817020654678345,solid,sampled
Section 3,Section 3,3,0.9033970832824707,466.0,0.9033970832824707,solid,sampled
Section 3,Section 3,3,0.9170048236846924,467.0,0.9170048236846924,solid,sampled
Section 3,Section 3,3,0.8942846059799194,468.0,0.8942846059799194,solid,sampled
Section 3,Section 3,3,0.8860040903091431,469.0,0.8860040903091431,solid,sampled
Section 3,Section 3,3,0.7346657514572144,470.0,0.7346657514572144,solid,sampled
Section 3,Section 3,3,0.7805936336517334,471.0,0.7805936336517334,solid,sampled
Section 3,Section 3,3,0.803659200668335,472.0,0.803659200668335,solid,sampled
Section 3,Section 3,3,0.8224105834960938,473.0,0.8224105834960938,solid,sampled
Section 3,Section 3,3,0.8680635094642639,474.0,0.8680635094642639,solid,sampled
Section 3,Section 3,3,0.8154080510139465,475.0,0.8154080510139465,solid,sampled
Section 3,Section 3,3,0.828537106513977,476.0,0.828537106513977,solid,sampled
Section 3,Section 3,3,0.7917768359184265,477.0,0.7917768359184265,solid,sampled
Section 3,Section 3,3,0.8435912728309631,478.0,0.8435912728309631,solid,sampled
Section 3,Section 3,3,0.7055951952934265,479.0,0.7055951952934265,solid,sampled
Section 3,Section 3,3,0.6360937356948853,480.0,0.6360937356948853,solid,sampled
Section 3,Section 3,3,0.7138931751251221,481.0,0.7138931751251221,solid,sampled
Section 3,Section 3,3,0.7705750465393066,482.0,0.7705750465393066,solid,sampled
Section 3,Section 3,3,0.7967809438705444,483.0,0.7967809438705444,solid,sampled
Section 3,Section 3,3,0.6511501669883728,484.0,0.6511501669883728,solid,sampled
Section 3,Section 3,3,0.811976432800293,485.0,0.811976432800293,solid,sampled
Section 3,Section 3,3,0.8093872666358948,486.0,0.8093872666358948,solid,sampled
Section 3,Section 3,3,0.9564595222473145,487.0,0.9564595222473145,solid,sampled
Section 3,Section 3,3,0.967050313949585,488.0,0.967050313949585,solid,sampled
Section 3,Section 3,3,0.9791987538337708,489.0,0.9791987538337708,solid,sampled
Section 3,Section 3,3,0.9163639545440674,490.0,0.9163639545440674,solid,sampled
Section 3,Section 3,3,0.7571678161621094,491.0,0.7571678161621094,solid,sampled
Section 3,Section 3,3,0.5470139980316162,492.0,0.5470139980316162,solid,sampled
Section 3,Section 3,3,0.3721499443054199,493.0,0.3721499443054199,solid,sampled
Section 3,Section 3,3,0.15278807282447815,494.0,0.15278807282447815,solid,sampled
Section 3,Section 3,3,0.0813366174697876,495.0,0.0813366174697876,solid,sampled
Section 3,Section 3,3,-0.1740451455116272,496.0,-0.1740451455116272,solid,sampled
Section 3,Section 3,3,-0.30410036444664,497.0,-0.30410036444664,solid,sampled
Section 3,Section 3,3,-0.4345794916152954,498.0,-0.4345794916152954,solid,sampled
Section 3,Section 3,3,-0.5171475410461426,499.0,-0.5171475410461426,solid,sampled
Section 3,Section 3,3,-0.5343188047409058,500.0,-0.5343188047409058,solid,sampled
Section 3,Section 3,3,-0.5770438313484192,501.0,-0.5770438313484192,solid,sampled
Section 3,Section 3,3,-0.6643052697181702,502.0,-0.6643052697181702,solid,sampled
Section 3,Section 3,3,-0.6764621734619141,503.0,-0.6764621734619141,solid,sampled
Section 3,Section 3,3,-0.6754860877990723,504.0,-0.6754860877990723,solid,sampled
Section 3,Section 3,3,-0.6661719083786011,505.0,-0.6661719083786011,solid,sampled
Section 3,Section 3,3,-0.6416958570480347,506.0,-0.6416958570480347,solid,sampled
Section 3,Section 3,3,-0.6442856192588806,507.0,-0.6442856192588806,solid,sampled
Section 3,Section 3,3,-0.6417644023895264,508.0,-0.6417644023895264,solid,sampled
Section 3,Section 3,3,-0.6453015804290771,509.0,-0.6453015804290771,solid,sampled
Section 3,Section 3,3,-0.6051003932952881,510.0,-0.6051003932952881,solid,sampled
Section 3,Section 3,3,-0.5702100992202759,511.0,-0.5702100992202759,solid,sampled
Section 3,Section 3,3,-0.5847142934799194,512.0,-0.5847142934799194,solid,sampled
Section 3,Section 3,3,-0.5872411727905273,513.0,-0.5872411727905273,solid,sampled
Section 3,Section 3,3,-0.6196502447128296,514.0,-0.6196502447128296,solid,sampled
Section 3,Section 3,3,-0.5740270018577576,515.0,-0.5740270018577576,solid,sampled
Section 3,Section 3,3,-0.5989270210266113,516.0,-0.5989270210266113,solid,sampled
Section 3,Section 3,3,-0.5511796474456787,517.0,-0.5511796474456787,solid,sampled
Section 3,Section 3,3,-0.5018527507781982,518.0,-0.5018527507781982,solid,sampled
Section 3,Section 3,3,-0.38036048412323,519.0,-0.38036048412323,solid,sampled
Section 3,Section 3,3,-0.29567664861679077,520.0,-0.29567664861679077,solid,sampled
Section 3,Section 3,3,-0.26083141565322876,521.0,-0.26083141565322876,solid,sampled
Section 3,Section 3,3,-0.15728065371513367,522.0,-0.15728065371513367,solid,sampled
Section 3,Section 3,3,0.0036842823028564453,523.0,0.0036842823028564453,solid,sampled
Section 3,Section 3,3,0.20058122277259827,524.0,0.20058122277259827,solid,sampled
Section 3,Section 3,3,0.49121972918510437,525.0,0.49121972918510437,solid,sampled
Section 3,Section 3,3,0.7540615797042847,526.0,0.7540615797042847,solid,sampled
Section 3,Section 3,3,1.0506105422973633,527.0,1.0506105422973633,solid,sampled
Section 3,Section 3,3,1.2933045625686646,528.0,1.2933045625686646,solid,sampled
Section 3,Section 3,3,1.5209934711456299,529.0,1.5209934711456299,solid,sampled
Section 3,Section 3,3,1.674418568611145,530.0,1.674418568611145,solid,sampled
Section 3,Section 3,3,1.7823323011398315,531.0,1.7823323011398315,solid,sampled
Section 3,Section 3,3,1.8861534595489502,532.0,1.8861534595489502,solid,sampled
Section 3,Section 3,3,1.964895248413086,533.0,1.964895248413086,solid,sampled
Section 3,Section 3,3,2.065380811691284,534.0,2.065380811691284,solid,sampled
Section 3,Section 3,3,2.1669840812683105,535.0,2.1669840812683105,solid,sampled
Section 3,Section 3,3,2.2671616077423096,536.0,2.2671616077423096,solid,sampled
Section 3,Section 3,3,2.375335693359375,537.0,2.375335693359375,solid,sampled
Section 3,Section 3,3,2.50815749168396,538.0,2.50815749168396,solid,sampled
Section 3,Section 3,3,2.6319119930267334,539.0,2.6319119930267334,solid,sampled
Section 3,Section 3,3,2.757589340209961,540.0,2.757589340209961,solid,sampled
Section 3,Section 3,3,2.8831238746643066,541.0,2.8831238746643066,solid,sampled
Section 3,Section 3,3,2.988952398300171,542.0,2.988952398300171,solid,sampled
Section 3,Section 3,3,3.099057912826538,543.0,3.099057912826538,solid,sampled
Section 3,Section 3,3,3.22782039642334,544.0,3.22782039642334,solid,sampled
Section 3,Section 3,3,3.3341164588928223,545.0,3.3341164588928223,solid,sampled
Section 3,Section 3,3,3.4742937088012695,546.0,3.4742937088012695,solid,sampled
Section 3,Section 3,3,0.0,547.0,,dotted,null_fill
Section 3,Section 3,3,0.0,548.0,,dotted,null_fill
Section 3,Section 3,3,0.0,549.0,,dotted,null_fill
Section 3,Section 3,3,0.0,550.0,,dotted,null_fill
Section 3,Section 3,3,0.0,551.0,,dotted,null_fill
Section 3,Section 3,3,0.0,552.0,,dotted,null_fill
Section 3,Section 3,3,0.0,553.0,,dotted,null_fill
Section 3,Section 3,3,0.0,554.0,,dotted,null_fill
Section 3,Section 3,3,0.0,555.0,,dotted,null_fill
Section 3,Section 3,3,0.0,556.0,,dotted,null_fill
Section 3,Section 3,3,0.0,557.0,,dotted,null_fill
Section 3,Section 3,3,0.0,558.0,,dotted,null_fill
Section 3,Section 3,3,0.0,559.0,,dotted,null_fill
Section 3,Section 3,3,0.0,560.0,,dotted,null_fill
Section 3,Section 3,3,0.0,561.0,,dotted,null_fill
Section 3,Section 3,3,0.0,562.0,,dotted,null_fill
Section 3,Section 3,3,0.0,563.0,,dotted,null_fill
Section 3,Section 3,3,0.0,564.0,,dotted,null_fill
Section 3,Section 3,3,0.0,564.7588,,dotted,null_fill
